5643ms,HomeLoanService,HomeLoanWS/doNext/approve-020/verify-customer
6355ms,HomeLoanService,HomeLoanWS/doNext/approve-020/verify-hr
5978ms,HomeLoanService,HomeLoanWS/doNext/approve-020/verify-website
5703ms,HomeLoanService,HomeLoanWS/doNext/approve-020/verify-summary
5865ms,HomeLoanService,HomeLoanWS/doNext/approve-020/verify-summary
8702ms,HomeLoanService,HomeLoanWS/doSave/approve-020/verify-customer
8648ms,HomeLoanService,HomeLoanWS/doNext/approve-020/verify-customer
9015ms,HomeLoanService,HomeLoanWS/doNext/approve-020/verify-hr
4883ms,HomeLoanService,HomeLoanWS/doPreload/approve-030/approve-decision
8689ms,HomeLoanService,HomeLoanWS/doNext/approve-020/verify-website
4133ms,HomeLoanService,HomeLoanWS/doSubmit/prepare-020/loan-info
8876ms,HomeLoanService,HomeLoanWS/doNext/approve-020/verify-summary
7624ms,HomeLoanService,HomeLoanWS/doNext/approve-030/verify-document
8730ms,HomeLoanService,HomeLoanWS/doNext/approve-030/verify-customer
8654ms,HomeLoanService,HomeLoanWS/doNext/approve-030/verify-hr
8625ms,HomeLoanService,HomeLoanWS/doNext/approve-030/verify-website
9547ms,HomeLoanService,HomeLoanWS/doNext/approve-030/verify-summary
5150ms,HomeLoanService,HomeLoanWS/doNext/approve-030/verify-document
5746ms,HomeLoanService,HomeLoanWS/doNext/approve-030/verify-customer
5888ms,HomeLoanService,HomeLoanWS/doNext/approve-030/verify-hr
5963ms,HomeLoanService,HomeLoanWS/doNext/approve-030/verify-website
6299ms,HomeLoanService,HomeLoanWS/doNext/approve-030/verify-summary
4925ms,HomeLoanService,HomeLoanWS/doPreload/approve-020/policy-check
5349ms,HomeLoanService,HomeLoanWS/doNext/approve-060/verify-document
5818ms,HomeLoanService,HomeLoanWS/doNext/approve-060/verify-customer
5864ms,HomeLoanService,HomeLoanWS/doNext/approve-020/verify-summary
8694ms,HomeLoanService,HomeLoanWS/doNext/approve-060/verify-hr
5749ms,HomeLoanService,HomeLoanWS/doNext/approve-060/verify-website
5784ms,HomeLoanService,HomeLoanWS/doNext/approve-060/verify-summary
5975ms,HomeLoanService,HomeLoanWS/doNext/approve-030/verify-customer
5874ms,HomeLoanService,HomeLoanWS/doNext/approve-030/verify-hr
5998ms,HomeLoanService,HomeLoanWS/doNext/approve-030/verify-website
5989ms,HomeLoanService,HomeLoanWS/doNext/approve-030/verify-summary
4229ms,HomeLoanService,HomeLoanWS/doPreload/approve-030/policy-check
