Period(ms),Service,Operation
5252,AgentService,agentWS/startFraudResultManual
8,ApplicationService,cacheWS/refresh
355,ApplicationService,cacheWS/start
27,CommonService,ConfHomeBuilderWS/getConfHomeBuilder
529,CommonService,ConfHousingGradeWS/getConfHousingGrade
427,CommonService,ConfMrtaInterestWS/getConfMrtaInterest
13,CommonService,ConfMrtaValidationWS/getConfMrtaValidation
4857,CommonService,KbmfOnlineCatsWS/InquiryCollateral
204,CommonService,KbmfOnlineCatsWS/InquiryROLDetail
5020,CommonService,LoanWS/getHomeLendingLimit
4,CommonService,PartInstPeriodWS/getConfPartInstPeriod
36,CommonService,RolWS/confirmROL
207,CommonService,RolWS/getCollteral
24,CommonService,RolWS/getConfHousingAppraisal
306,CommonService,UnsecureWS/bypassLogin
69,CommonService,UnsecureWS/login
37,CommonService,WorkflowWS/changeApprove020ApproveType
16,CommonService,WorkflowWS/getApprove020ApproveType
40,CommonService,WorkflowWS/getDefaultPoolList
208,CommonService,WorkflowWS/listUserInbox
5,CommonService,WorkflowWS/logout
148,CommonService,WorkflowWS/openCaseByAppNo
576,CommonService,additionalDocumentWS/addDocument
864,CommonService,additionalDocumentWS/addInterestRateReductionDocument
102,CommonService,additionalDocumentWS/deleteDocument
262,CommonService,additionalDocumentWS/deleteInterestRateReductionDocument
333,CommonService,additionalDocumentWS/editInterestRateReductionDocument
192,CommonService,addressWS/getAllAddress
216,CommonService,addressWS/getAllDIHDistrict
35,CommonService,addressWS/getAllDIHProvince
899,CommonService,addressWS/getAllDIHSubDistrict
14,CommonService,applicationCaseWS/applicationExternalService
33,CommonService,applicationCaseWS/applicationRiskChecking
92,CommonService,applicationCaseWS/deleteApplicationRiskList
231,CommonService,applicationCaseWS/getApplicationHistory
305,CommonService,applicationCaseWS/getApplicationStatus
38,CommonService,applicationCaseWS/getApplicationSuspectRiskList
22,CommonService,applicationCaseWS/getAppointmentFromAppointmentTable
916,CommonService,applicationCaseWS/getAppointmentInfo
182,CommonService,applicationCaseWS/getApproverTable
198,CommonService,applicationCaseWS/getCreditorsTable
218,CommonService,applicationCaseWS/getEmployeeOfSpecificBranch
24,CommonService,applicationCaseWS/getInterestRateReductionDocument
319,CommonService,applicationCaseWS/getManagerOfSpecificBranch
15,CommonService,applicationCaseWS/getSmartServeCaseId
18,CommonService,applicationCaseWS/getWitness1ForDsa
17,CommonService,applicationCaseWS/getWitness2ForDsa
455,CommonService,applicationCaseWS/reSendMQMessages
100,CommonService,applicationCaseWS/saveApplicationRiskCheckingDetail
209,CommonService,atomicWS/registerSestionService
79,CommonService,confResubmitReasonWS/confResubmitReason
3241,CommonService,connectCloudPrintWS/printPdfNcbReject
1319,CommonService,connectCloudPrintWS/printPdfOtherReject
36,CommonService,csvWS/download
41,CommonService,csvWS/upload
16,CommonService,customerWS/createUpdateCustomer
1116,CommonService,customerWS/findCustomerFromCIS
757,CommonService,customerWS/findCustomerFromIdentDocNo
794,CommonService,customerWS/findCustomerList
5237,CommonService,customerWS/findWealthDetails
8419,CommonService,customerWS/getDeductAccountDetails
58,CommonService,customerWS/getInquiryTable
5729,CommonService,customerWS/getODAccountDetails
84,CommonService,customerWS/inquiryForeignerCustomer
5497,CommonService,decisionEngineWS/getLoanCal
1464,CommonService,decisionEngineWS/getPolicy
40,CommonService,documentWS/getDocGroupFollowUpHistoryByflpRefId
35,CommonService,documentWS/viewContent
13,CommonService,dropdownWS/getAppStatusDropdown
75,CommonService,dropdownWS/getConfDQEProvinceRelation
6,CommonService,dropdownWS/getConfKdmsDocumentDropDown
15,CommonService,dropdownWS/getConfValueList
475,CommonService,dropdownWS/getDihRCAll
3811,CommonService,dropdownWS/getDimBolOrg
23,CommonService,dropdownWS/getDropdown
9,CommonService,dropdownWS/getRejectReasonDropdown
52,CommonService,employeeWS/findBranchEmployee
26,CommonService,employeeWS/findDSAEmployee
22,CommonService,fileStorageWS/getPdfBlob
37,CommonService,messageCodeWS/getAllMessage
51,CommonService,relationshipWS/deleteCustomer
103,CommonService,relationshipWS/findObjBySubjRelationship
10,CommonService,relationshipWS/findRelationByObjNSubj
54,CommonService,relationshipWS/getCustomerWealthAsset
57,CommonService,relationshipWS/getCustomerWealthKbank
59,CommonService,relationshipWS/getCustomerWealthOther
274,CommonService,relationshipWS/saveBorrowerCustomerProfile
1139,CommonService,relationshipWS/saveRelationCustomerProfile
63,CommonService,relationshipWS/saveRelationship
26,CommonService,resubmitReasonWS/doFindAppStatus
48,CommonService,resubmitReasonWS/doFindByAppNo
275,CommonService,resubmitReasonWS/doUpdateApplication
250,CommonService,resubmitReasonWS/resubmitReason
75,CommonService,searchByCollateralWS/searchByCollateral
29,CommonService,statusRejectWS/getRejectList
26,HomeLoanService,HomeLoanWS/doBack/approve-020/approve-decision
118,HomeLoanService,HomeLoanWS/doBack/approve-020/relationship
63,HomeLoanService,HomeLoanWS/doBack/approve-020/verify-summary
89,HomeLoanService,HomeLoanWS/doBack/approve-030/approve-decision
72,HomeLoanService,HomeLoanWS/doBack/approve-030/verify-income
93,HomeLoanService,HomeLoanWS/doBack/approve-030/verify-summary
13,HomeLoanService,HomeLoanWS/doBack/approve-055/collateral-acting
63,HomeLoanService,HomeLoanWS/doBack/approve-070/credit-exposure
70,HomeLoanService,HomeLoanWS/doBack/approve-070/relationship
72,HomeLoanService,HomeLoanWS/doBack/approve-070/verify-income
68,HomeLoanService,HomeLoanWS/doBack/approve-070/verify-summary
333,HomeLoanService,HomeLoanWS/doBack/post-approve-010/approve-result-front
19,HomeLoanService,HomeLoanWS/doBack/prepare-012/summary-result
15,HomeLoanService,HomeLoanWS/doBack/prepare-020/income
43,HomeLoanService,HomeLoanWS/doBack/prepare-020/loan-info
29,HomeLoanService,HomeLoanWS/doBack/prepare-020/personal-info
27,HomeLoanService,HomeLoanWS/doBack/prepare-021/package
27,HomeLoanService,HomeLoanWS/doBack/prepare-021/summary-package
60,HomeLoanService,HomeLoanWS/doBack/prepare-022/summary-package
28,HomeLoanService,HomeLoanWS/doBack/prepare-030/sale-channel
49,HomeLoanService,HomeLoanWS/doBack/prepare-030/summary-result
36,HomeLoanService,HomeLoanWS/doCancel/prepare-010
62,HomeLoanService,HomeLoanWS/doCancel/prepare-011
59,HomeLoanService,HomeLoanWS/doCancel/prepare-012
109,HomeLoanService,HomeLoanWS/doCancel/prepare-030
60,HomeLoanService,HomeLoanWS/doNavigate/prepare-021
87,HomeLoanService,HomeLoanWS/doNavigate/prepare-022
96,HomeLoanService,HomeLoanWS/doNavigate/prepare-030
25,HomeLoanService,HomeLoanWS/doNext/approve-010/credit-limit-detail
1653,HomeLoanService,HomeLoanWS/doNext/approve-010/verify-document
39,HomeLoanService,HomeLoanWS/doNext/approve-020/application-detail
223,HomeLoanService,HomeLoanWS/doNext/approve-020/approve-decision
81,HomeLoanService,HomeLoanWS/doNext/approve-020/collateral-acting
72,HomeLoanService,HomeLoanWS/doNext/approve-020/credit-exposure
63,HomeLoanService,HomeLoanWS/doNext/approve-020/credit-limit-detail
112,HomeLoanService,HomeLoanWS/doNext/approve-020/debt-exposure
111,HomeLoanService,HomeLoanWS/doNext/approve-020/partial-installment
72,HomeLoanService,HomeLoanWS/doNext/approve-020/relationship
2743,HomeLoanService,HomeLoanWS/doNext/approve-020/verify-customer
4956,HomeLoanService,HomeLoanWS/doNext/approve-020/verify-document
2830,HomeLoanService,HomeLoanWS/doNext/approve-020/verify-hr
83,HomeLoanService,HomeLoanWS/doNext/approve-020/verify-income
2838,HomeLoanService,HomeLoanWS/doNext/approve-020/verify-summary
2651,HomeLoanService,HomeLoanWS/doNext/approve-020/verify-website
78,HomeLoanService,HomeLoanWS/doNext/approve-030/application-detail
318,HomeLoanService,HomeLoanWS/doNext/approve-030/approve-decision
108,HomeLoanService,HomeLoanWS/doNext/approve-030/collateral-acting
106,HomeLoanService,HomeLoanWS/doNext/approve-030/credit-exposure
116,HomeLoanService,HomeLoanWS/doNext/approve-030/credit-limit-detail
181,HomeLoanService,HomeLoanWS/doNext/approve-030/debt-exposure
133,HomeLoanService,HomeLoanWS/doNext/approve-030/partial-installment
112,HomeLoanService,HomeLoanWS/doNext/approve-030/relationship
4289,HomeLoanService,HomeLoanWS/doNext/approve-030/verify-customer
3487,HomeLoanService,HomeLoanWS/doNext/approve-030/verify-document
4256,HomeLoanService,HomeLoanWS/doNext/approve-030/verify-hr
124,HomeLoanService,HomeLoanWS/doNext/approve-030/verify-income
4311,HomeLoanService,HomeLoanWS/doNext/approve-030/verify-summary
4354,HomeLoanService,HomeLoanWS/doNext/approve-030/verify-website
23,HomeLoanService,HomeLoanWS/doNext/approve-040/application-detail
306,HomeLoanService,HomeLoanWS/doNext/approve-040/approve-decision
92,HomeLoanService,HomeLoanWS/doNext/approve-040/collateral-acting
113,HomeLoanService,HomeLoanWS/doNext/approve-040/credit-exposure
82,HomeLoanService,HomeLoanWS/doNext/approve-040/credit-limit-detail
187,HomeLoanService,HomeLoanWS/doNext/approve-040/debt-exposure
148,HomeLoanService,HomeLoanWS/doNext/approve-040/partial-installment
72,HomeLoanService,HomeLoanWS/doNext/approve-040/relationship
3142,HomeLoanService,HomeLoanWS/doNext/approve-040/verify-customer
3641,HomeLoanService,HomeLoanWS/doNext/approve-040/verify-document
3209,HomeLoanService,HomeLoanWS/doNext/approve-040/verify-hr
102,HomeLoanService,HomeLoanWS/doNext/approve-040/verify-income
3934,HomeLoanService,HomeLoanWS/doNext/approve-040/verify-summary
3942,HomeLoanService,HomeLoanWS/doNext/approve-040/verify-website
93,HomeLoanService,HomeLoanWS/doNext/approve-055/collateral-acting
3313,HomeLoanService,HomeLoanWS/doNext/approve-055/verify-document
352,HomeLoanService,HomeLoanWS/doNext/approve-060/approve-decision
134,HomeLoanService,HomeLoanWS/doNext/approve-060/collateral-acting
104,HomeLoanService,HomeLoanWS/doNext/approve-060/credit-exposure
108,HomeLoanService,HomeLoanWS/doNext/approve-060/credit-limit-detail
210,HomeLoanService,HomeLoanWS/doNext/approve-060/debt-exposure
147,HomeLoanService,HomeLoanWS/doNext/approve-060/partial-installment
111,HomeLoanService,HomeLoanWS/doNext/approve-060/relationship
4352,HomeLoanService,HomeLoanWS/doNext/approve-060/verify-customer
3850,HomeLoanService,HomeLoanWS/doNext/approve-060/verify-document
4373,HomeLoanService,HomeLoanWS/doNext/approve-060/verify-hr
135,HomeLoanService,HomeLoanWS/doNext/approve-060/verify-income
4227,HomeLoanService,HomeLoanWS/doNext/approve-060/verify-summary
4320,HomeLoanService,HomeLoanWS/doNext/approve-060/verify-website
370,HomeLoanService,HomeLoanWS/doNext/approve-070/approve-decision
86,HomeLoanService,HomeLoanWS/doNext/approve-070/collateral-acting
66,HomeLoanService,HomeLoanWS/doNext/approve-070/credit-exposure
73,HomeLoanService,HomeLoanWS/doNext/approve-070/credit-limit-detail
175,HomeLoanService,HomeLoanWS/doNext/approve-070/debt-exposure
117,HomeLoanService,HomeLoanWS/doNext/approve-070/partial-installment
105,HomeLoanService,HomeLoanWS/doNext/approve-070/relationship
3154,HomeLoanService,HomeLoanWS/doNext/approve-070/verify-customer
2709,HomeLoanService,HomeLoanWS/doNext/approve-070/verify-document
3077,HomeLoanService,HomeLoanWS/doNext/approve-070/verify-hr
88,HomeLoanService,HomeLoanWS/doNext/approve-070/verify-income
3065,HomeLoanService,HomeLoanWS/doNext/approve-070/verify-summary
2988,HomeLoanService,HomeLoanWS/doNext/approve-070/verify-website
2410,HomeLoanService,HomeLoanWS/doNext/post-approve-010/summary-result
3640,HomeLoanService,HomeLoanWS/doNext/prepare-010/cust-info
165,HomeLoanService,HomeLoanWS/doNext/prepare-020/income
307,HomeLoanService,HomeLoanWS/doNext/prepare-020/personal-info
1229,HomeLoanService,HomeLoanWS/doNext/prepare-021/package
108,HomeLoanService,HomeLoanWS/doNext/prepare-030/sale-channel
204,HomeLoanService,HomeLoanWS/doPreload/approve-010/application-detail
375,HomeLoanService,HomeLoanWS/doPreload/approve-010/collateral-acting
227,HomeLoanService,HomeLoanWS/doPreload/approve-010/credit-exposure
125,HomeLoanService,HomeLoanWS/doPreload/approve-010/credit-limit-detail
193,HomeLoanService,HomeLoanWS/doPreload/approve-010/cust-info
348,HomeLoanService,HomeLoanWS/doPreload/approve-010/debt-exposure
213,HomeLoanService,HomeLoanWS/doPreload/approve-010/loan-info
582,HomeLoanService,HomeLoanWS/doPreload/approve-010/partial-installment
373,HomeLoanService,HomeLoanWS/doPreload/approve-010/relationship
977,HomeLoanService,HomeLoanWS/doPreload/approve-010/summary-result
588,HomeLoanService,HomeLoanWS/doPreload/approve-010/verify-document
141,HomeLoanService,HomeLoanWS/doPreload/approve-020/application-detail
694,HomeLoanService,HomeLoanWS/doPreload/approve-020/approve-decision
831,HomeLoanService,HomeLoanWS/doPreload/approve-020/approve-summary
18,HomeLoanService,HomeLoanWS/doPreload/approve-020/basic-repayment-ability
468,HomeLoanService,HomeLoanWS/doPreload/approve-020/collateral-acting
302,HomeLoanService,HomeLoanWS/doPreload/approve-020/credit-exposure
164,HomeLoanService,HomeLoanWS/doPreload/approve-020/credit-limit-detail
534,HomeLoanService,HomeLoanWS/doPreload/approve-020/cust-info
613,HomeLoanService,HomeLoanWS/doPreload/approve-020/debt-exposure
568,HomeLoanService,HomeLoanWS/doPreload/approve-020/income
409,HomeLoanService,HomeLoanWS/doPreload/approve-020/loan-info
693,HomeLoanService,HomeLoanWS/doPreload/approve-020/partial-installment
554,HomeLoanService,HomeLoanWS/doPreload/approve-020/personal-info
453,HomeLoanService,HomeLoanWS/doPreload/approve-020/policy-check
683,HomeLoanService,HomeLoanWS/doPreload/approve-020/relationship
42,HomeLoanService,HomeLoanWS/doPreload/approve-020/sale-channel
639,HomeLoanService,HomeLoanWS/doPreload/approve-020/summary-package
955,HomeLoanService,HomeLoanWS/doPreload/approve-020/summary-result
310,HomeLoanService,HomeLoanWS/doPreload/approve-020/verify-customer
645,HomeLoanService,HomeLoanWS/doPreload/approve-020/verify-document
336,HomeLoanService,HomeLoanWS/doPreload/approve-020/verify-hr
456,HomeLoanService,HomeLoanWS/doPreload/approve-020/verify-income
415,HomeLoanService,HomeLoanWS/doPreload/approve-020/verify-summary
379,HomeLoanService,HomeLoanWS/doPreload/approve-020/verify-website
133,HomeLoanService,HomeLoanWS/doPreload/approve-030/application-detail
970,HomeLoanService,HomeLoanWS/doPreload/approve-030/approve-decision
875,HomeLoanService,HomeLoanWS/doPreload/approve-030/approve-summary
45,HomeLoanService,HomeLoanWS/doPreload/approve-030/basic-repayment-ability
350,HomeLoanService,HomeLoanWS/doPreload/approve-030/collateral-acting
302,HomeLoanService,HomeLoanWS/doPreload/approve-030/credit-exposure
244,HomeLoanService,HomeLoanWS/doPreload/approve-030/credit-limit-detail
422,HomeLoanService,HomeLoanWS/doPreload/approve-030/cust-info
773,HomeLoanService,HomeLoanWS/doPreload/approve-030/debt-exposure
390,HomeLoanService,HomeLoanWS/doPreload/approve-030/income
454,HomeLoanService,HomeLoanWS/doPreload/approve-030/loan-info
814,HomeLoanService,HomeLoanWS/doPreload/approve-030/partial-installment
453,HomeLoanService,HomeLoanWS/doPreload/approve-030/personal-info
786,HomeLoanService,HomeLoanWS/doPreload/approve-030/policy-check
300,HomeLoanService,HomeLoanWS/doPreload/approve-030/relationship
71,HomeLoanService,HomeLoanWS/doPreload/approve-030/sale-channel
742,HomeLoanService,HomeLoanWS/doPreload/approve-030/summary-package
1112,HomeLoanService,HomeLoanWS/doPreload/approve-030/summary-result
287,HomeLoanService,HomeLoanWS/doPreload/approve-030/verify-customer
645,HomeLoanService,HomeLoanWS/doPreload/approve-030/verify-document
306,HomeLoanService,HomeLoanWS/doPreload/approve-030/verify-hr
378,HomeLoanService,HomeLoanWS/doPreload/approve-030/verify-income
297,HomeLoanService,HomeLoanWS/doPreload/approve-030/verify-summary
281,HomeLoanService,HomeLoanWS/doPreload/approve-030/verify-website
141,HomeLoanService,HomeLoanWS/doPreload/approve-040/application-detail
914,HomeLoanService,HomeLoanWS/doPreload/approve-040/approve-decision
728,HomeLoanService,HomeLoanWS/doPreload/approve-040/approve-summary
32,HomeLoanService,HomeLoanWS/doPreload/approve-040/basic-repayment-ability
466,HomeLoanService,HomeLoanWS/doPreload/approve-040/collateral-acting
269,HomeLoanService,HomeLoanWS/doPreload/approve-040/credit-exposure
202,HomeLoanService,HomeLoanWS/doPreload/approve-040/credit-limit-detail
275,HomeLoanService,HomeLoanWS/doPreload/approve-040/cust-info
866,HomeLoanService,HomeLoanWS/doPreload/approve-040/debt-exposure
262,HomeLoanService,HomeLoanWS/doPreload/approve-040/income
295,HomeLoanService,HomeLoanWS/doPreload/approve-040/loan-info
780,HomeLoanService,HomeLoanWS/doPreload/approve-040/partial-installment
265,HomeLoanService,HomeLoanWS/doPreload/approve-040/personal-info
1020,HomeLoanService,HomeLoanWS/doPreload/approve-040/policy-check
332,HomeLoanService,HomeLoanWS/doPreload/approve-040/relationship
72,HomeLoanService,HomeLoanWS/doPreload/approve-040/sale-channel
536,HomeLoanService,HomeLoanWS/doPreload/approve-040/summary-package
979,HomeLoanService,HomeLoanWS/doPreload/approve-040/summary-result
360,HomeLoanService,HomeLoanWS/doPreload/approve-040/verify-customer
620,HomeLoanService,HomeLoanWS/doPreload/approve-040/verify-document
332,HomeLoanService,HomeLoanWS/doPreload/approve-040/verify-hr
804,HomeLoanService,HomeLoanWS/doPreload/approve-040/verify-income
328,HomeLoanService,HomeLoanWS/doPreload/approve-040/verify-summary
320,HomeLoanService,HomeLoanWS/doPreload/approve-040/verify-website
106,HomeLoanService,HomeLoanWS/doPreload/approve-055/application-detail
851,HomeLoanService,HomeLoanWS/doPreload/approve-055/approve-decision
752,HomeLoanService,HomeLoanWS/doPreload/approve-055/approve-summary
473,HomeLoanService,HomeLoanWS/doPreload/approve-055/collateral-acting
232,HomeLoanService,HomeLoanWS/doPreload/approve-055/cust-info
885,HomeLoanService,HomeLoanWS/doPreload/approve-055/debt-exposure
407,HomeLoanService,HomeLoanWS/doPreload/approve-055/partial-installment
542,HomeLoanService,HomeLoanWS/doPreload/approve-055/policy-check
26,HomeLoanService,HomeLoanWS/doPreload/approve-055/sale-channel
1011,HomeLoanService,HomeLoanWS/doPreload/approve-055/summary-package
957,HomeLoanService,HomeLoanWS/doPreload/approve-055/summary-result
366,HomeLoanService,HomeLoanWS/doPreload/approve-055/verify-customer
657,HomeLoanService,HomeLoanWS/doPreload/approve-055/verify-document
458,HomeLoanService,HomeLoanWS/doPreload/approve-055/verify-hr
365,HomeLoanService,HomeLoanWS/doPreload/approve-055/verify-income
470,HomeLoanService,HomeLoanWS/doPreload/approve-055/verify-summary
376,HomeLoanService,HomeLoanWS/doPreload/approve-055/verify-website
206,HomeLoanService,HomeLoanWS/doPreload/approve-060/application-detail
1759,HomeLoanService,HomeLoanWS/doPreload/approve-060/approve-decision
970,HomeLoanService,HomeLoanWS/doPreload/approve-060/approve-summary
45,HomeLoanService,HomeLoanWS/doPreload/approve-060/basic-repayment-ability
534,HomeLoanService,HomeLoanWS/doPreload/approve-060/collateral-acting
485,HomeLoanService,HomeLoanWS/doPreload/approve-060/credit-exposure
263,HomeLoanService,HomeLoanWS/doPreload/approve-060/credit-limit-detail
395,HomeLoanService,HomeLoanWS/doPreload/approve-060/cust-info
1223,HomeLoanService,HomeLoanWS/doPreload/approve-060/debt-exposure
453,HomeLoanService,HomeLoanWS/doPreload/approve-060/income
838,HomeLoanService,HomeLoanWS/doPreload/approve-060/loan-info
1329,HomeLoanService,HomeLoanWS/doPreload/approve-060/partial-installment
470,HomeLoanService,HomeLoanWS/doPreload/approve-060/personal-info
640,HomeLoanService,HomeLoanWS/doPreload/approve-060/policy-check
419,HomeLoanService,HomeLoanWS/doPreload/approve-060/relationship
67,HomeLoanService,HomeLoanWS/doPreload/approve-060/sale-channel
777,HomeLoanService,HomeLoanWS/doPreload/approve-060/summary-package
961,HomeLoanService,HomeLoanWS/doPreload/approve-060/summary-result
308,HomeLoanService,HomeLoanWS/doPreload/approve-060/verify-customer
693,HomeLoanService,HomeLoanWS/doPreload/approve-060/verify-document
350,HomeLoanService,HomeLoanWS/doPreload/approve-060/verify-hr
462,HomeLoanService,HomeLoanWS/doPreload/approve-060/verify-income
426,HomeLoanService,HomeLoanWS/doPreload/approve-060/verify-summary
357,HomeLoanService,HomeLoanWS/doPreload/approve-060/verify-website
186,HomeLoanService,HomeLoanWS/doPreload/approve-070/application-detail
1057,HomeLoanService,HomeLoanWS/doPreload/approve-070/approve-decision
1267,HomeLoanService,HomeLoanWS/doPreload/approve-070/approve-summary
74,HomeLoanService,HomeLoanWS/doPreload/approve-070/basic-repayment-ability
898,HomeLoanService,HomeLoanWS/doPreload/approve-070/collateral-acting
481,HomeLoanService,HomeLoanWS/doPreload/approve-070/credit-exposure
322,HomeLoanService,HomeLoanWS/doPreload/approve-070/credit-limit-detail
243,HomeLoanService,HomeLoanWS/doPreload/approve-070/cust-info
692,HomeLoanService,HomeLoanWS/doPreload/approve-070/debt-exposure
267,HomeLoanService,HomeLoanWS/doPreload/approve-070/income
497,HomeLoanService,HomeLoanWS/doPreload/approve-070/loan-info
1088,HomeLoanService,HomeLoanWS/doPreload/approve-070/partial-installment
266,HomeLoanService,HomeLoanWS/doPreload/approve-070/personal-info
748,HomeLoanService,HomeLoanWS/doPreload/approve-070/policy-check
354,HomeLoanService,HomeLoanWS/doPreload/approve-070/relationship
185,HomeLoanService,HomeLoanWS/doPreload/approve-070/sale-channel
2109,HomeLoanService,HomeLoanWS/doPreload/approve-070/summary-package
814,HomeLoanService,HomeLoanWS/doPreload/approve-070/summary-result
578,HomeLoanService,HomeLoanWS/doPreload/approve-070/verify-customer
668,HomeLoanService,HomeLoanWS/doPreload/approve-070/verify-document
350,HomeLoanService,HomeLoanWS/doPreload/approve-070/verify-hr
554,HomeLoanService,HomeLoanWS/doPreload/approve-070/verify-income
332,HomeLoanService,HomeLoanWS/doPreload/approve-070/verify-summary
393,HomeLoanService,HomeLoanWS/doPreload/approve-070/verify-website
104,HomeLoanService,HomeLoanWS/doPreload/end/approve-result-front
143,HomeLoanService,HomeLoanWS/doPreload/end/cust-info
9,HomeLoanService,HomeLoanWS/doPreload/fraud-010/application-detail
79,HomeLoanService,HomeLoanWS/doPreload/fraud-010/credit-limit-detail
183,HomeLoanService,HomeLoanWS/doPreload/fraud-010/debt-exposure
106,HomeLoanService,HomeLoanWS/doPreload/fraud-010/relationship
380,HomeLoanService,HomeLoanWS/doPreload/fraud-010/verify-document
163,HomeLoanService,HomeLoanWS/doPreload/fraud-010/verify-income
369,HomeLoanService,HomeLoanWS/doPreload/fraud-010/verify-summary
106,HomeLoanService,HomeLoanWS/doPreload/fraud-010/verify-website
137,HomeLoanService,HomeLoanWS/doPreload/post-approve-010/application-detail
721,HomeLoanService,HomeLoanWS/doPreload/post-approve-010/approve-decision
1797,HomeLoanService,HomeLoanWS/doPreload/post-approve-010/approve-result-front
734,HomeLoanService,HomeLoanWS/doPreload/post-approve-010/approve-summary
43,HomeLoanService,HomeLoanWS/doPreload/post-approve-010/basic-repayment-ability
155,HomeLoanService,HomeLoanWS/doPreload/post-approve-010/credit-limit-detail
316,HomeLoanService,HomeLoanWS/doPreload/post-approve-010/cust-info
665,HomeLoanService,HomeLoanWS/doPreload/post-approve-010/debt-exposure
275,HomeLoanService,HomeLoanWS/doPreload/post-approve-010/income
916,HomeLoanService,HomeLoanWS/doPreload/post-approve-010/loan-info
1272,HomeLoanService,HomeLoanWS/doPreload/post-approve-010/partial-installment
242,HomeLoanService,HomeLoanWS/doPreload/post-approve-010/personal-info
372,HomeLoanService,HomeLoanWS/doPreload/post-approve-010/policy-check
311,HomeLoanService,HomeLoanWS/doPreload/post-approve-010/relationship
51,HomeLoanService,HomeLoanWS/doPreload/post-approve-010/sale-channel
763,HomeLoanService,HomeLoanWS/doPreload/post-approve-010/summary-package
968,HomeLoanService,HomeLoanWS/doPreload/post-approve-010/summary-result
480,HomeLoanService,HomeLoanWS/doPreload/post-approve-010/verify-document
418,HomeLoanService,HomeLoanWS/doPreload/post-approve-010/verify-income
10,HomeLoanService,HomeLoanWS/doPreload/prepare-010/basic-repayment-ability
147,HomeLoanService,HomeLoanWS/doPreload/prepare-010/cust-info
151,HomeLoanService,HomeLoanWS/doPreload/prepare-011/summary-result
17,HomeLoanService,HomeLoanWS/doPreload/prepare-012/basic-repayment-ability
233,HomeLoanService,HomeLoanWS/doPreload/prepare-012/cust-info
464,HomeLoanService,HomeLoanWS/doPreload/prepare-012/summary-result
325,HomeLoanService,HomeLoanWS/doPreload/prepare-013/summary-result
20,HomeLoanService,HomeLoanWS/doPreload/prepare-020/basic-repayment-ability
1258,HomeLoanService,HomeLoanWS/doPreload/prepare-020/cust-info
282,HomeLoanService,HomeLoanWS/doPreload/prepare-020/income
323,HomeLoanService,HomeLoanWS/doPreload/prepare-020/loan-info
235,HomeLoanService,HomeLoanWS/doPreload/prepare-020/personal-info
40,HomeLoanService,HomeLoanWS/doPreload/prepare-021/basic-repayment-ability
313,HomeLoanService,HomeLoanWS/doPreload/prepare-021/cust-info
348,HomeLoanService,HomeLoanWS/doPreload/prepare-021/income
473,HomeLoanService,HomeLoanWS/doPreload/prepare-021/loan-info
515,HomeLoanService,HomeLoanWS/doPreload/prepare-021/package
426,HomeLoanService,HomeLoanWS/doPreload/prepare-021/personal-info
541,HomeLoanService,HomeLoanWS/doPreload/prepare-021/summary-package
559,HomeLoanService,HomeLoanWS/doPreload/prepare-022/loan-info
538,HomeLoanService,HomeLoanWS/doPreload/prepare-022/personal-info
769,HomeLoanService,HomeLoanWS/doPreload/prepare-022/summary-package
2149,HomeLoanService,HomeLoanWS/doPreload/prepare-030/basic-repayment-ability
221,HomeLoanService,HomeLoanWS/doPreload/prepare-030/cust-info
344,HomeLoanService,HomeLoanWS/doPreload/prepare-030/income
461,HomeLoanService,HomeLoanWS/doPreload/prepare-030/loan-info
229,HomeLoanService,HomeLoanWS/doPreload/prepare-030/personal-info
49,HomeLoanService,HomeLoanWS/doPreload/prepare-030/sale-channel
627,HomeLoanService,HomeLoanWS/doPreload/prepare-030/summary-package
1234,HomeLoanService,HomeLoanWS/doPreload/prepare-030/summary-result
2374,HomeLoanService,HomeLoanWS/doPreload/prepare-040/approve-result-front
460,HomeLoanService,HomeLoanWS/doPreload/prepare-040/credit-limit-detail
2078,HomeLoanService,HomeLoanWS/doPreload/prepare-040/debt-exposure
1914,HomeLoanService,HomeLoanWS/doPreload/prepare-040/partial-installment
14,HomeLoanService,HomeLoanWS/doPreload/system-011/basic-repayment-ability
219,HomeLoanService,HomeLoanWS/doPreload/system-011/cust-info
189,HomeLoanService,HomeLoanWS/doPreload/system-011/summary-result
432,HomeLoanService,HomeLoanWS/doPreload/system-012/summary-result
277,HomeLoanService,HomeLoanWS/doPreload/system-013/cust-info
242,HomeLoanService,HomeLoanWS/doPreload/system-013/loan-info
329,HomeLoanService,HomeLoanWS/doPreload/system-013/summary-package
1012,HomeLoanService,HomeLoanWS/doPreload/system-013/summary-result
1594,HomeLoanService,HomeLoanWS/doPreload/system-015/approve-result-front
1058,HomeLoanService,HomeLoanWS/doPreload/system-015/approve-summary
68,HomeLoanService,HomeLoanWS/doPreload/system-015/basic-repayment-ability
331,HomeLoanService,HomeLoanWS/doPreload/system-015/cust-info
535,HomeLoanService,HomeLoanWS/doPreload/system-015/income
636,HomeLoanService,HomeLoanWS/doPreload/system-015/loan-info
353,HomeLoanService,HomeLoanWS/doPreload/system-015/personal-info
739,HomeLoanService,HomeLoanWS/doPreload/system-015/summary-package
344,HomeLoanService,HomeLoanWS/doPreload/system-020/basic-repayment-ability
803,HomeLoanService,HomeLoanWS/doPreload/system-020/income
257,HomeLoanService,HomeLoanWS/doPreload/system-020/loan-info
430,HomeLoanService,HomeLoanWS/doPreload/system-020/personal-info
53,HomeLoanService,HomeLoanWS/doPreload/system-020/sale-channel
381,HomeLoanService,HomeLoanWS/doPreload/system-020/summary-package
1508,HomeLoanService,HomeLoanWS/doPreload/system-020/summary-result
358,HomeLoanService,HomeLoanWS/doPreload/system-030/verify-document
169,HomeLoanService,HomeLoanWS/doPreload/system-031/application-detail
509,HomeLoanService,HomeLoanWS/doPreload/system-031/approve-summary
29,HomeLoanService,HomeLoanWS/doPreload/system-031/basic-repayment-ability
92,HomeLoanService,HomeLoanWS/doPreload/system-031/credit-limit-detail
203,HomeLoanService,HomeLoanWS/doPreload/system-031/cust-info
241,HomeLoanService,HomeLoanWS/doPreload/system-031/debt-exposure
118,HomeLoanService,HomeLoanWS/doPreload/system-031/income
404,HomeLoanService,HomeLoanWS/doPreload/system-031/loan-info
115,HomeLoanService,HomeLoanWS/doPreload/system-031/personal-info
811,HomeLoanService,HomeLoanWS/doPreload/system-031/policy-check
144,HomeLoanService,HomeLoanWS/doPreload/system-031/relationship
457,HomeLoanService,HomeLoanWS/doPreload/system-031/summary-package
965,HomeLoanService,HomeLoanWS/doPreload/system-031/summary-result
123,HomeLoanService,HomeLoanWS/doPreload/system-031/verify-customer
406,HomeLoanService,HomeLoanWS/doPreload/system-031/verify-document
124,HomeLoanService,HomeLoanWS/doPreload/system-031/verify-hr
906,HomeLoanService,HomeLoanWS/doPreload/system-050/approve-result-front
1068,HomeLoanService,HomeLoanWS/doPreload/system-050/approve-summary
12,HomeLoanService,HomeLoanWS/doPreload/system-050/basic-repayment-ability
245,HomeLoanService,HomeLoanWS/doPreload/system-050/cust-info
427,HomeLoanService,HomeLoanWS/doPreload/system-050/loan-info
268,HomeLoanService,HomeLoanWS/doPreload/system-050/personal-info
1440,HomeLoanService,HomeLoanWS/doPreload/system-050/policy-check
1324,HomeLoanService,HomeLoanWS/doResubmit/post-approve-010/approve-result-front
94,HomeLoanService,HomeLoanWS/doReturn/approve-020
46,HomeLoanService,HomeLoanWS/doReturn/approve-040
393,HomeLoanService,HomeLoanWS/doReturn/system-011
129,HomeLoanService,HomeLoanWS/doReturn2Analyst/approve-030
51,HomeLoanService,HomeLoanWS/doReturn2Analyst/approve-040
69,HomeLoanService,HomeLoanWS/doReturn2Analyst/approve-060
74,HomeLoanService,HomeLoanWS/doReturn2f/approve-010
91,HomeLoanService,HomeLoanWS/doReturn2f/approve-020
175,HomeLoanService,HomeLoanWS/doReturn2f/approve-030
88,HomeLoanService,HomeLoanWS/doReturn2f/approve-060
25,HomeLoanService,HomeLoanWS/doSave/approve-010/credit-limit-detail
43,HomeLoanService,HomeLoanWS/doSave/approve-010/partial-installment
28,HomeLoanService,HomeLoanWS/doSave/approve-010/relationship
1660,HomeLoanService,HomeLoanWS/doSave/approve-010/verify-document
122,HomeLoanService,HomeLoanWS/doSave/approve-020/application-detail
178,HomeLoanService,HomeLoanWS/doSave/approve-020/approve-decision
76,HomeLoanService,HomeLoanWS/doSave/approve-020/approve-summary
69,HomeLoanService,HomeLoanWS/doSave/approve-020/collateral-acting
38,HomeLoanService,HomeLoanWS/doSave/approve-020/credit-exposure
39,HomeLoanService,HomeLoanWS/doSave/approve-020/credit-limit-detail
106,HomeLoanService,HomeLoanWS/doSave/approve-020/debt-exposure
102,HomeLoanService,HomeLoanWS/doSave/approve-020/partial-installment
75,HomeLoanService,HomeLoanWS/doSave/approve-020/policy-check
80,HomeLoanService,HomeLoanWS/doSave/approve-020/relationship
37,HomeLoanService,HomeLoanWS/doSave/approve-020/summary-result
3189,HomeLoanService,HomeLoanWS/doSave/approve-020/verify-customer
2916,HomeLoanService,HomeLoanWS/doSave/approve-020/verify-document
2823,HomeLoanService,HomeLoanWS/doSave/approve-020/verify-hr
61,HomeLoanService,HomeLoanWS/doSave/approve-020/verify-income
3097,HomeLoanService,HomeLoanWS/doSave/approve-020/verify-summary
3406,HomeLoanService,HomeLoanWS/doSave/approve-020/verify-website
72,HomeLoanService,HomeLoanWS/doSave/approve-030/application-detail
279,HomeLoanService,HomeLoanWS/doSave/approve-030/approve-decision
91,HomeLoanService,HomeLoanWS/doSave/approve-030/approve-summary
141,HomeLoanService,HomeLoanWS/doSave/approve-030/collateral-acting
69,HomeLoanService,HomeLoanWS/doSave/approve-030/credit-exposure
61,HomeLoanService,HomeLoanWS/doSave/approve-030/credit-limit-detail
154,HomeLoanService,HomeLoanWS/doSave/approve-030/debt-exposure
49,HomeLoanService,HomeLoanWS/doSave/approve-030/loan-info
103,HomeLoanService,HomeLoanWS/doSave/approve-030/partial-installment
85,HomeLoanService,HomeLoanWS/doSave/approve-030/policy-check
68,HomeLoanService,HomeLoanWS/doSave/approve-030/relationship
3685,HomeLoanService,HomeLoanWS/doSave/approve-030/verify-customer
3501,HomeLoanService,HomeLoanWS/doSave/approve-030/verify-document
3030,HomeLoanService,HomeLoanWS/doSave/approve-030/verify-hr
88,HomeLoanService,HomeLoanWS/doSave/approve-030/verify-income
4029,HomeLoanService,HomeLoanWS/doSave/approve-030/verify-summary
2722,HomeLoanService,HomeLoanWS/doSave/approve-030/verify-website
58,HomeLoanService,HomeLoanWS/doSave/approve-040/application-detail
126,HomeLoanService,HomeLoanWS/doSave/approve-040/approve-summary
104,HomeLoanService,HomeLoanWS/doSave/approve-040/collateral-acting
79,HomeLoanService,HomeLoanWS/doSave/approve-040/credit-exposure
88,HomeLoanService,HomeLoanWS/doSave/approve-040/credit-limit-detail
128,HomeLoanService,HomeLoanWS/doSave/approve-040/debt-exposure
65,HomeLoanService,HomeLoanWS/doSave/approve-040/policy-check
91,HomeLoanService,HomeLoanWS/doSave/approve-040/relationship
3028,HomeLoanService,HomeLoanWS/doSave/approve-040/verify-customer
2650,HomeLoanService,HomeLoanWS/doSave/approve-040/verify-document
3023,HomeLoanService,HomeLoanWS/doSave/approve-040/verify-hr
77,HomeLoanService,HomeLoanWS/doSave/approve-040/verify-income
3706,HomeLoanService,HomeLoanWS/doSave/approve-040/verify-summary
3031,HomeLoanService,HomeLoanWS/doSave/approve-040/verify-website
27,HomeLoanService,HomeLoanWS/doSave/approve-055/approve-decision
64,HomeLoanService,HomeLoanWS/doSave/approve-055/approve-summary
76,HomeLoanService,HomeLoanWS/doSave/approve-055/collateral-acting
41,HomeLoanService,HomeLoanWS/doSave/approve-055/debt-exposure
87,HomeLoanService,HomeLoanWS/doSave/approve-055/policy-check
61,HomeLoanService,HomeLoanWS/doSave/approve-055/verify-customer
3127,HomeLoanService,HomeLoanWS/doSave/approve-055/verify-document
306,HomeLoanService,HomeLoanWS/doSave/approve-060/approve-decision
117,HomeLoanService,HomeLoanWS/doSave/approve-060/approve-summary
113,HomeLoanService,HomeLoanWS/doSave/approve-060/collateral-acting
80,HomeLoanService,HomeLoanWS/doSave/approve-060/credit-exposure
92,HomeLoanService,HomeLoanWS/doSave/approve-060/credit-limit-detail
162,HomeLoanService,HomeLoanWS/doSave/approve-060/debt-exposure
149,HomeLoanService,HomeLoanWS/doSave/approve-060/partial-installment
68,HomeLoanService,HomeLoanWS/doSave/approve-060/policy-check
108,HomeLoanService,HomeLoanWS/doSave/approve-060/relationship
2910,HomeLoanService,HomeLoanWS/doSave/approve-060/verify-customer
3990,HomeLoanService,HomeLoanWS/doSave/approve-060/verify-document
2436,HomeLoanService,HomeLoanWS/doSave/approve-060/verify-hr
204,HomeLoanService,HomeLoanWS/doSave/approve-060/verify-income
2830,HomeLoanService,HomeLoanWS/doSave/approve-060/verify-summary
3551,HomeLoanService,HomeLoanWS/doSave/approve-060/verify-website
285,HomeLoanService,HomeLoanWS/doSave/approve-070/approve-summary
75,HomeLoanService,HomeLoanWS/doSave/approve-070/credit-exposure
74,HomeLoanService,HomeLoanWS/doSave/approve-070/policy-check
141,HomeLoanService,HomeLoanWS/doSave/approve-070/relationship
3202,HomeLoanService,HomeLoanWS/doSave/approve-070/verify-customer
5885,HomeLoanService,HomeLoanWS/doSave/approve-070/verify-document
3426,HomeLoanService,HomeLoanWS/doSave/approve-070/verify-hr
88,HomeLoanService,HomeLoanWS/doSave/approve-070/verify-income
3136,HomeLoanService,HomeLoanWS/doSave/approve-070/verify-summary
3453,HomeLoanService,HomeLoanWS/doSave/approve-070/verify-website
8,HomeLoanService,HomeLoanWS/doSave/fraud-010/credit-limit-detail
48,HomeLoanService,HomeLoanWS/doSave/post-approve-010/approve-result-front
84,HomeLoanService,HomeLoanWS/doSave/post-approve-010/approve-summary
54,HomeLoanService,HomeLoanWS/doSave/post-approve-010/credit-limit-detail
3763,HomeLoanService,HomeLoanWS/doSave/post-approve-010/summary-result
44,HomeLoanService,HomeLoanWS/doSave/prepare-012/summary-result
143,HomeLoanService,HomeLoanWS/doSave/prepare-020/income
3298,HomeLoanService,HomeLoanWS/doSave/prepare-020/loan-info
201,HomeLoanService,HomeLoanWS/doSave/prepare-020/personal-info
94,HomeLoanService,HomeLoanWS/doSave/prepare-021/package
42,HomeLoanService,HomeLoanWS/doSave/prepare-021/summary-package
68,HomeLoanService,HomeLoanWS/doSave/prepare-022/summary-package
106,HomeLoanService,HomeLoanWS/doSave/prepare-030/sale-channel
72,HomeLoanService,HomeLoanWS/doSave/prepare-030/summary-result
173,HomeLoanService,HomeLoanWS/doSave/prepare-040/credit-limit-detail
49,HomeLoanService,HomeLoanWS/doSave/system-031/credit-limit-detail
956,HomeLoanService,HomeLoanWS/doSubmit/approve-010/credit-limit-detail
864,HomeLoanService,HomeLoanWS/doSubmit/approve-010/partial-installment
845,HomeLoanService,HomeLoanWS/doSubmit/approve-010/relationship
772,HomeLoanService,HomeLoanWS/doSubmit/approve-010/verify-document
704,HomeLoanService,HomeLoanWS/doSubmit/approve-020/application-detail
282,HomeLoanService,HomeLoanWS/doSubmit/approve-020/approve-decision
1849,HomeLoanService,HomeLoanWS/doSubmit/approve-020/approve-summary
37,HomeLoanService,HomeLoanWS/doSubmit/approve-020/debt-exposure
705,HomeLoanService,HomeLoanWS/doSubmit/approve-020/policy-check
1116,HomeLoanService,HomeLoanWS/doSubmit/approve-020/summary-result
157,HomeLoanService,HomeLoanWS/doSubmit/approve-020/verify-customer
739,HomeLoanService,HomeLoanWS/doSubmit/approve-020/verify-document
430,HomeLoanService,HomeLoanWS/doSubmit/approve-030/application-detail
205,HomeLoanService,HomeLoanWS/doSubmit/approve-030/approve-summary
159,HomeLoanService,HomeLoanWS/doSubmit/approve-030/loan-info
57,HomeLoanService,HomeLoanWS/doSubmit/approve-030/policy-check
281,HomeLoanService,HomeLoanWS/doSubmit/approve-040/approve-summary
497,HomeLoanService,HomeLoanWS/doSubmit/approve-040/collateral-acting
73,HomeLoanService,HomeLoanWS/doSubmit/approve-055/approve-decision
111,HomeLoanService,HomeLoanWS/doSubmit/approve-055/approve-summary
343,HomeLoanService,HomeLoanWS/doSubmit/approve-055/collateral-acting
55,HomeLoanService,HomeLoanWS/doSubmit/approve-055/debt-exposure
63,HomeLoanService,HomeLoanWS/doSubmit/approve-055/policy-check
326,HomeLoanService,HomeLoanWS/doSubmit/approve-055/verify-customer
226,HomeLoanService,HomeLoanWS/doSubmit/approve-055/verify-document
7831,HomeLoanService,HomeLoanWS/doSubmit/approve-060/approve-decision
4331,HomeLoanService,HomeLoanWS/doSubmit/approve-060/approve-summary
4645,HomeLoanService,HomeLoanWS/doSubmit/approve-060/partial-installment
11332,HomeLoanService,HomeLoanWS/doSubmit/approve-060/policy-check
6129,HomeLoanService,HomeLoanWS/doSubmit/approve-060/verify-customer
6278,HomeLoanService,HomeLoanWS/doSubmit/approve-070/approve-summary
71,HomeLoanService,HomeLoanWS/doSubmit/fraud-010/application-detail
2505,HomeLoanService,HomeLoanWS/doSubmit/post-approve-010/approve-result-front
2693,HomeLoanService,HomeLoanWS/doSubmit/post-approve-010/approve-summary
3564,HomeLoanService,HomeLoanWS/doSubmit/post-approve-010/policy-check
2754,HomeLoanService,HomeLoanWS/doSubmit/prepare-010/basic-repayment-ability
575,HomeLoanService,HomeLoanWS/doSubmit/prepare-011/summary-result
61,HomeLoanService,HomeLoanWS/doSubmit/prepare-012/summary-result
720,HomeLoanService,HomeLoanWS/doSubmit/prepare-013/summary-result
3772,HomeLoanService,HomeLoanWS/doSubmit/prepare-020/loan-info
315,HomeLoanService,HomeLoanWS/doSubmit/prepare-021/summary-package
231,HomeLoanService,HomeLoanWS/doSubmit/prepare-022/summary-package
897,HomeLoanService,HomeLoanWS/doSubmit/prepare-030/summary-result
4646,HomeLoanService,HomeLoanWS/doSubmit/system-011
59,HomeLoanService,HomeLoanWS/doSubmit/system-012
303,HomeLoanService,HomeLoanWS/doSubmit/system-013
504,HomeLoanService,HomeLoanWS/doSubmit/system-015
243,HomeLoanService,HomeLoanWS/doSubmit/system-020
141,HomeLoanService,HomeLoanWS/doSubmit/system-030
1316,HomeLoanService,HomeLoanWS/doSubmit/system-031
3,InboundService,airportConfigWS/getRuntimeConfig
16,InboundService,inboundNoHeaderWS
4602,InboundService,inboundNoHeaderWS/notificationResult
2431,InboundService,inboundWS/notificationResult
