17,HomeLoanService,HomeLoanWS/doBack/approve-020/relationship
9,HomeLoanService,HomeLoanWS/doBack/prepare-020/income
59,HomeLoanService,HomeLoanWS/doBack/prepare-030/sale-channel
47,HomeLoanService,HomeLoanWS/doBack/prepare-030/summary-result
28,HomeLoanService,HomeLoanWS/doCancel/prepare-020
41,HomeLoanService,HomeLoanWS/doNavigate/prepare-022
60,HomeLoanService,HomeLoanWS/doNavigate/prepare-030
135,HomeLoanService,HomeLoanWS/doNext/approve-020/approve-decision
37,HomeLoanService,HomeLoanWS/doNext/approve-020/collateral-acting
23,HomeLoanService,HomeLoanWS/doNext/approve-020/credit-exposure
23,HomeLoanService,HomeLoanWS/doNext/approve-020/credit-limit-detail
143,HomeLoanService,HomeLoanWS/doNext/approve-020/debt-exposure
72,HomeLoanService,HomeLoanWS/doNext/approve-020/partial-installment
64,HomeLoanService,HomeLoanWS/doNext/approve-020/relationship
5776,HomeLoanService,HomeLoanWS/doNext/approve-020/verify-customer
5261,HomeLoanService,HomeLoanWS/doNext/approve-020/verify-hr
36,HomeLoanService,HomeLoanWS/doNext/approve-020/verify-income
6577,HomeLoanService,HomeLoanWS/doNext/approve-020/verify-summary
5846,HomeLoanService,HomeLoanWS/doNext/approve-020/verify-website
371,HomeLoanService,HomeLoanWS/doNext/approve-030/approve-decision
79,HomeLoanService,HomeLoanWS/doNext/approve-030/collateral-acting
61,HomeLoanService,HomeLoanWS/doNext/approve-030/credit-exposure
89,HomeLoanService,HomeLoanWS/doNext/approve-030/credit-limit-detail
175,HomeLoanService,HomeLoanWS/doNext/approve-030/debt-exposure
131,HomeLoanService,HomeLoanWS/doNext/approve-030/partial-installment
81,HomeLoanService,HomeLoanWS/doNext/approve-030/relationship
6817,HomeLoanService,HomeLoanWS/doNext/approve-030/verify-customer
5495,HomeLoanService,HomeLoanWS/doNext/approve-030/verify-document
5842,HomeLoanService,HomeLoanWS/doNext/approve-030/verify-hr
122,HomeLoanService,HomeLoanWS/doNext/approve-030/verify-income
7278,HomeLoanService,HomeLoanWS/doNext/approve-030/verify-summary
6862,HomeLoanService,HomeLoanWS/doNext/approve-030/verify-website
31,HomeLoanService,HomeLoanWS/doNext/approve-055/collateral-acting
135,HomeLoanService,HomeLoanWS/doNext/approve-060/collateral-acting
104,HomeLoanService,HomeLoanWS/doNext/approve-060/credit-limit-detail
122,HomeLoanService,HomeLoanWS/doNext/approve-060/partial-installment
5818,HomeLoanService,HomeLoanWS/doNext/approve-060/verify-customer
8694,HomeLoanService,HomeLoanWS/doNext/approve-060/verify-hr
5784,HomeLoanService,HomeLoanWS/doNext/approve-060/verify-summary
2491,HomeLoanService,HomeLoanWS/doNext/prepare-010/cust-info
150,HomeLoanService,HomeLoanWS/doNext/prepare-020/income
381,HomeLoanService,HomeLoanWS/doNext/prepare-020/personal-info
889,HomeLoanService,HomeLoanWS/doNext/prepare-021/package
153,HomeLoanService,HomeLoanWS/doNext/prepare-030/sale-channel
92,HomeLoanService,HomeLoanWS/doPreload/approve-010/application-detail
296,HomeLoanService,HomeLoanWS/doPreload/approve-010/personal-info
589,HomeLoanService,HomeLoanWS/doPreload/approve-010/verify-document
158,HomeLoanService,HomeLoanWS/doPreload/approve-020/application-detail
1323,HomeLoanService,HomeLoanWS/doPreload/approve-020/approve-decision
802,HomeLoanService,HomeLoanWS/doPreload/approve-020/approve-summary
567,HomeLoanService,HomeLoanWS/doPreload/approve-020/collateral-acting
238,HomeLoanService,HomeLoanWS/doPreload/approve-020/credit-exposure
175,HomeLoanService,HomeLoanWS/doPreload/approve-020/credit-limit-detail
748,HomeLoanService,HomeLoanWS/doPreload/approve-020/debt-exposure
650,HomeLoanService,HomeLoanWS/doPreload/approve-020/partial-installment
686,HomeLoanService,HomeLoanWS/doPreload/approve-020/policy-check
444,HomeLoanService,HomeLoanWS/doPreload/approve-020/relationship
190,HomeLoanService,HomeLoanWS/doPreload/approve-020/verify-customer
735,HomeLoanService,HomeLoanWS/doPreload/approve-020/verify-document
312,HomeLoanService,HomeLoanWS/doPreload/approve-020/verify-hr
537,HomeLoanService,HomeLoanWS/doPreload/approve-020/verify-income
388,HomeLoanService,HomeLoanWS/doPreload/approve-020/verify-summary
360,HomeLoanService,HomeLoanWS/doPreload/approve-020/verify-website
151,HomeLoanService,HomeLoanWS/doPreload/approve-030/application-detail
1985,HomeLoanService,HomeLoanWS/doPreload/approve-030/approve-decision
543,HomeLoanService,HomeLoanWS/doPreload/approve-030/approve-summary
540,HomeLoanService,HomeLoanWS/doPreload/approve-030/collateral-acting
298,HomeLoanService,HomeLoanWS/doPreload/approve-030/credit-exposure
194,HomeLoanService,HomeLoanWS/doPreload/approve-030/credit-limit-detail
466,HomeLoanService,HomeLoanWS/doPreload/approve-030/debt-exposure
1119,HomeLoanService,HomeLoanWS/doPreload/approve-030/partial-installment
515,HomeLoanService,HomeLoanWS/doPreload/approve-030/policy-check
608,HomeLoanService,HomeLoanWS/doPreload/approve-030/relationship
551,HomeLoanService,HomeLoanWS/doPreload/approve-030/verify-customer
730,HomeLoanService,HomeLoanWS/doPreload/approve-030/verify-document
574,HomeLoanService,HomeLoanWS/doPreload/approve-030/verify-hr
543,HomeLoanService,HomeLoanWS/doPreload/approve-030/verify-income
573,HomeLoanService,HomeLoanWS/doPreload/approve-030/verify-summary
548,HomeLoanService,HomeLoanWS/doPreload/approve-030/verify-website
851,HomeLoanService,HomeLoanWS/doPreload/approve-055/approve-decision
556,HomeLoanService,HomeLoanWS/doPreload/approve-055/approve-summary
476,HomeLoanService,HomeLoanWS/doPreload/approve-055/collateral-acting
290,HomeLoanService,HomeLoanWS/doPreload/approve-055/debt-exposure
489,HomeLoanService,HomeLoanWS/doPreload/approve-055/partial-installment
633,HomeLoanService,HomeLoanWS/doPreload/approve-060/approve-summary
689,HomeLoanService,HomeLoanWS/doPreload/approve-060/collateral-acting
193,HomeLoanService,HomeLoanWS/doPreload/approve-060/credit-limit-detail
506,HomeLoanService,HomeLoanWS/doPreload/approve-060/debt-exposure
458,HomeLoanService,HomeLoanWS/doPreload/approve-060/partial-installment
475,HomeLoanService,HomeLoanWS/doPreload/approve-060/policy-check
462,HomeLoanService,HomeLoanWS/doPreload/approve-060/verify-customer
457,HomeLoanService,HomeLoanWS/doPreload/approve-060/verify-hr
466,HomeLoanService,HomeLoanWS/doPreload/approve-060/verify-summary
220,HomeLoanService,HomeLoanWS/doPreload/end/cust-info
784,HomeLoanService,HomeLoanWS/doPreload/post-approve-010/approve-result-front
609,HomeLoanService,HomeLoanWS/doPreload/post-approve-010/approve-summary
4,HomeLoanService,HomeLoanWS/doPreload/prepare-010/basic-repayment-ability
71,HomeLoanService,HomeLoanWS/doPreload/prepare-011/summary-result
227,HomeLoanService,HomeLoanWS/doPreload/prepare-012/summary-result
222,HomeLoanService,HomeLoanWS/doPreload/prepare-020/income
331,HomeLoanService,HomeLoanWS/doPreload/prepare-020/loan-info
263,HomeLoanService,HomeLoanWS/doPreload/prepare-020/personal-info
478,HomeLoanService,HomeLoanWS/doPreload/prepare-021/package
814,HomeLoanService,HomeLoanWS/doPreload/prepare-021/summary-package
157,HomeLoanService,HomeLoanWS/doPreload/prepare-022/loan-info
259,HomeLoanService,HomeLoanWS/doPreload/prepare-030/basic-repayment-ability
271,HomeLoanService,HomeLoanWS/doPreload/prepare-030/income
547,HomeLoanService,HomeLoanWS/doPreload/prepare-030/loan-info
331,HomeLoanService,HomeLoanWS/doPreload/prepare-030/personal-info
63,HomeLoanService,HomeLoanWS/doPreload/prepare-030/sale-channel
746,HomeLoanService,HomeLoanWS/doPreload/prepare-030/summary-package
980,HomeLoanService,HomeLoanWS/doPreload/prepare-030/summary-result
172,HomeLoanService,HomeLoanWS/doPreload/system-011/summary-result
1047,HomeLoanService,HomeLoanWS/doPreload/system-015/approve-result-front
727,HomeLoanService,HomeLoanWS/doPreload/system-020/summary-result
93,HomeLoanService,HomeLoanWS/doPreload/system-031/cust-info
400,HomeLoanService,HomeLoanWS/doPreload/system-031/policy-check
55,HomeLoanService,HomeLoanWS/doReturn2f/approve-010
984,HomeLoanService,HomeLoanWS/doSave/approve-010/verify-document
45,HomeLoanService,HomeLoanWS/doSave/approve-020/application-detail
51,HomeLoanService,HomeLoanWS/doSave/approve-020/approve-summary
72,HomeLoanService,HomeLoanWS/doSave/approve-020/collateral-acting
100,HomeLoanService,HomeLoanWS/doSave/approve-020/debt-exposure
59,HomeLoanService,HomeLoanWS/doSave/approve-020/policy-check
79,HomeLoanService,HomeLoanWS/doSave/approve-020/relationship
3255,HomeLoanService,HomeLoanWS/doSave/approve-020/verify-document
2898,HomeLoanService,HomeLoanWS/doSave/approve-020/verify-summary
36,HomeLoanService,HomeLoanWS/doSave/approve-030/application-detail
155,HomeLoanService,HomeLoanWS/doSave/approve-030/approve-decision
59,HomeLoanService,HomeLoanWS/doSave/approve-030/approve-summary
89,HomeLoanService,HomeLoanWS/doSave/approve-030/collateral-acting
275,HomeLoanService,HomeLoanWS/doSave/approve-030/partial-installment
58,HomeLoanService,HomeLoanWS/doSave/approve-030/policy-check
34,HomeLoanService,HomeLoanWS/doSave/approve-055/collateral-acting
14,HomeLoanService,HomeLoanWS/doSave/approve-055/debt-exposure
145,HomeLoanService,HomeLoanWS/doSave/approve-060/approve-summary
274,HomeLoanService,HomeLoanWS/doSave/approve-060/partial-installment
41,HomeLoanService,HomeLoanWS/doSave/approve-060/policy-check
142,HomeLoanService,HomeLoanWS/doSave/prepare-022/summary-package
49,HomeLoanService,HomeLoanWS/doSave/prepare-030/summary-result
508,HomeLoanService,HomeLoanWS/doSubmit/approve-010/verify-document
1162,HomeLoanService,HomeLoanWS/doSubmit/approve-020/approve-summary
205,HomeLoanService,HomeLoanWS/doSubmit/approve-030/approve-summary
42,HomeLoanService,HomeLoanWS/doSubmit/approve-055/debt-exposure
3172,HomeLoanService,HomeLoanWS/doSubmit/approve-060/approve-summary
2449,HomeLoanService,HomeLoanWS/doSubmit/prepare-010/basic-repayment-ability
436,HomeLoanService,HomeLoanWS/doSubmit/prepare-011/summary-result
31,HomeLoanService,HomeLoanWS/doSubmit/prepare-012/summary-result
2406,HomeLoanService,HomeLoanWS/doSubmit/prepare-020/loan-info
161,HomeLoanService,HomeLoanWS/doSubmit/prepare-021/summary-package
927,HomeLoanService,HomeLoanWS/doSubmit/prepare-030/summary-result
2942,HomeLoanService,HomeLoanWS/doSubmit/system-011
193,HomeLoanService,HomeLoanWS/doSubmit/system-020
969,HomeLoanService,HomeLoanWS/doSubmit/system-031
