MaxPeriod(ms),MinPeriod(ms),AvgPeriod(ms),Amount,Service,Operation
6133,4371,5252,2,AgentService,agentWS/startFraudResultManual
61,2,8,60,ApplicationService,cacheWS/refresh
2680,23,355,60,ApplicationService,cacheWS/start
345,3,27,384,CommonService,ConfHomeBuilderWS/getConfHomeBuilder
13265,187,529,384,CommonService,ConfHousingGradeWS/getConfHousingGrade
7373,78,427,113,CommonService,ConfMrtaInterestWS/getConfMrtaInterest
357,1,13,894,CommonService,ConfMrtaValidationWS/getConfMrtaValidation
10734,15,4857,62,CommonService,KbmfOnlineCatsWS/InquiryCollateral
1552,110,204,52,CommonService,KbmfOnlineCatsWS/InquiryROLDetail
9007,3787,5020,13,CommonService,LoanWS/getHomeLendingLimit
38,1,4,367,CommonService,PartInstPeriodWS/getConfPartInstPeriod
159,11,36,53,CommonService,RolWS/confirmROL
922,6,207,71,CommonService,RolWS/getCollteral
125,6,24,70,CommonService,RolWS/getConfHousingAppraisal
317,295,306,2,CommonService,UnsecureWS/bypassLogin
1806,5,69,931,CommonService,UnsecureWS/login
129,11,37,11,CommonService,WorkflowWS/changeApprove020ApproveType
230,5,16,102,CommonService,WorkflowWS/getApprove020ApproveType
139,19,40,37,CommonService,WorkflowWS/getDefaultPoolList
4688,3,208,1434,CommonService,WorkflowWS/listUserInbox
259,2,5,718,CommonService,WorkflowWS/logout
1251,4,148,1341,CommonService,WorkflowWS/openCaseByAppNo
576,576,576,1,CommonService,additionalDocumentWS/addDocument
864,864,864,1,CommonService,additionalDocumentWS/addInterestRateReductionDocument
102,102,102,1,CommonService,additionalDocumentWS/deleteDocument
262,262,262,1,CommonService,additionalDocumentWS/deleteInterestRateReductionDocument
333,333,333,1,CommonService,additionalDocumentWS/editInterestRateReductionDocument
7306,6,192,1194,CommonService,addressWS/getAllAddress
1407,105,216,723,CommonService,addressWS/getAllDIHDistrict
299,5,35,723,CommonService,addressWS/getAllDIHProvince
22185,529,899,723,CommonService,addressWS/getAllDIHSubDistrict
102,5,14,162,CommonService,applicationCaseWS/applicationExternalService
68,5,33,19,CommonService,applicationCaseWS/applicationRiskChecking
117,68,92,3,CommonService,applicationCaseWS/deleteApplicationRiskList
354,109,231,2,CommonService,applicationCaseWS/getApplicationHistory
25147,28,305,433,CommonService,applicationCaseWS/getApplicationStatus
60,6,38,12,CommonService,applicationCaseWS/getApplicationSuspectRiskList
156,5,22,80,CommonService,applicationCaseWS/getAppointmentFromAppointmentTable
6053,4,916,82,CommonService,applicationCaseWS/getAppointmentInfo
479,71,182,144,CommonService,applicationCaseWS/getApproverTable
24833,39,198,408,CommonService,applicationCaseWS/getCreditorsTable
539,10,218,67,CommonService,applicationCaseWS/getEmployeeOfSpecificBranch
82,5,24,9,CommonService,applicationCaseWS/getInterestRateReductionDocument
704,9,319,67,CommonService,applicationCaseWS/getManagerOfSpecificBranch
88,5,15,172,CommonService,applicationCaseWS/getSmartServeCaseId
67,9,18,13,CommonService,applicationCaseWS/getWitness1ForDsa
67,7,17,13,CommonService,applicationCaseWS/getWitness2ForDsa
1263,31,455,4,CommonService,applicationCaseWS/reSendMQMessages
100,100,100,1,CommonService,applicationCaseWS/saveApplicationRiskCheckingDetail
671,46,209,206,CommonService,atomicWS/registerSestionService
90,69,79,2,CommonService,confResubmitReasonWS/confResubmitReason
3241,3241,3241,1,CommonService,connectCloudPrintWS/printPdfNcbReject
2479,462,1319,4,CommonService,connectCloudPrintWS/printPdfOtherReject
91,10,36,7,CommonService,csvWS/download
46,32,41,4,CommonService,csvWS/upload
19,14,16,3,CommonService,customerWS/createUpdateCustomer
5501,113,1116,197,CommonService,customerWS/findCustomerFromCIS
1307,205,757,11,CommonService,customerWS/findCustomerFromIdentDocNo
1690,6,794,18,CommonService,customerWS/findCustomerList
9888,812,5237,12,CommonService,customerWS/findWealthDetails
30281,4,8419,94,CommonService,customerWS/getDeductAccountDetails
4385,4,58,496,CommonService,customerWS/getInquiryTable
8527,14,5729,5,CommonService,customerWS/getODAccountDetails
1853,5,84,53,CommonService,customerWS/inquiryForeignerCustomer
27316,28,5497,29,CommonService,decisionEngineWS/getLoanCal
5306,667,1464,143,CommonService,decisionEngineWS/getPolicy
175,11,40,15,CommonService,documentWS/getDocGroupFollowUpHistoryByflpRefId
67,25,35,6,CommonService,documentWS/viewContent
88,2,13,126,CommonService,dropdownWS/getAppStatusDropdown
103,59,75,3,CommonService,dropdownWS/getConfDQEProvinceRelation
233,1,6,351,CommonService,dropdownWS/getConfKdmsDocumentDropDown
79,1,15,160,CommonService,dropdownWS/getConfValueList
36009,131,475,423,CommonService,dropdownWS/getDihRCAll
4679,159,3811,12,CommonService,dropdownWS/getDimBolOrg
812,1,23,3740,CommonService,dropdownWS/getDropdown
150,3,9,369,CommonService,dropdownWS/getRejectReasonDropdown
149,7,52,50,CommonService,employeeWS/findBranchEmployee
245,6,26,33,CommonService,employeeWS/findDSAEmployee
32,17,22,3,CommonService,fileStorageWS/getPdfBlob
1004,7,37,171,CommonService,messageCodeWS/getAllMessage
73,45,51,7,CommonService,relationshipWS/deleteCustomer
304,57,103,18,CommonService,relationshipWS/findObjBySubjRelationship
17,7,10,11,CommonService,relationshipWS/findRelationByObjNSubj
175,12,54,45,CommonService,relationshipWS/getCustomerWealthAsset
173,17,57,45,CommonService,relationshipWS/getCustomerWealthKbank
253,12,59,45,CommonService,relationshipWS/getCustomerWealthOther
516,112,274,24,CommonService,relationshipWS/saveBorrowerCustomerProfile
5225,97,1139,5,CommonService,relationshipWS/saveRelationCustomerProfile
97,45,63,3,CommonService,relationshipWS/saveRelationship
292,6,26,122,CommonService,resubmitReasonWS/doFindAppStatus
64,32,48,2,CommonService,resubmitReasonWS/doFindByAppNo
275,275,275,1,CommonService,resubmitReasonWS/doUpdateApplication
250,250,250,1,CommonService,resubmitReasonWS/resubmitReason
148,32,75,3,CommonService,searchByCollateralWS/searchByCollateral
700,7,29,2391,CommonService,statusRejectWS/getRejectList
27,25,26,2,HomeLoanService,HomeLoanWS/doBack/approve-020/approve-decision
219,18,118,2,HomeLoanService,HomeLoanWS/doBack/approve-020/relationship
63,63,63,1,HomeLoanService,HomeLoanWS/doBack/approve-020/verify-summary
128,44,89,4,HomeLoanService,HomeLoanWS/doBack/approve-030/approve-decision
87,55,72,3,HomeLoanService,HomeLoanWS/doBack/approve-030/verify-income
150,47,93,6,HomeLoanService,HomeLoanWS/doBack/approve-030/verify-summary
13,13,13,1,HomeLoanService,HomeLoanWS/doBack/approve-055/collateral-acting
63,63,63,1,HomeLoanService,HomeLoanWS/doBack/approve-070/credit-exposure
72,69,70,2,HomeLoanService,HomeLoanWS/doBack/approve-070/relationship
72,72,72,1,HomeLoanService,HomeLoanWS/doBack/approve-070/verify-income
71,65,68,2,HomeLoanService,HomeLoanWS/doBack/approve-070/verify-summary
333,333,333,1,HomeLoanService,HomeLoanWS/doBack/post-approve-010/approve-result-front
19,19,19,1,HomeLoanService,HomeLoanWS/doBack/prepare-012/summary-result
21,8,15,9,HomeLoanService,HomeLoanWS/doBack/prepare-020/income
167,11,43,8,HomeLoanService,HomeLoanWS/doBack/prepare-020/loan-info
60,15,29,7,HomeLoanService,HomeLoanWS/doBack/prepare-020/personal-info
42,18,27,7,HomeLoanService,HomeLoanWS/doBack/prepare-021/package
84,12,27,32,HomeLoanService,HomeLoanWS/doBack/prepare-021/summary-package
161,10,60,4,HomeLoanService,HomeLoanWS/doBack/prepare-022/summary-package
49,7,28,6,HomeLoanService,HomeLoanWS/doBack/prepare-030/sale-channel
56,41,49,3,HomeLoanService,HomeLoanWS/doBack/prepare-030/summary-result
46,17,36,5,HomeLoanService,HomeLoanWS/doCancel/prepare-010
107,36,62,4,HomeLoanService,HomeLoanWS/doCancel/prepare-011
59,59,59,1,HomeLoanService,HomeLoanWS/doCancel/prepare-012
242,31,109,3,HomeLoanService,HomeLoanWS/doCancel/prepare-030
190,25,60,14,HomeLoanService,HomeLoanWS/doNavigate/prepare-021
146,28,87,2,HomeLoanService,HomeLoanWS/doNavigate/prepare-022
286,26,96,29,HomeLoanService,HomeLoanWS/doNavigate/prepare-030
45,16,25,12,HomeLoanService,HomeLoanWS/doNext/approve-010/credit-limit-detail
2663,853,1653,21,HomeLoanService,HomeLoanWS/doNext/approve-010/verify-document
320,16,39,45,HomeLoanService,HomeLoanWS/doNext/approve-020/application-detail
1525,38,223,63,HomeLoanService,HomeLoanWS/doNext/approve-020/approve-decision
286,30,81,47,HomeLoanService,HomeLoanWS/doNext/approve-020/collateral-acting
279,18,72,62,HomeLoanService,HomeLoanWS/doNext/approve-020/credit-exposure
264,14,63,76,HomeLoanService,HomeLoanWS/doNext/approve-020/credit-limit-detail
396,23,112,59,HomeLoanService,HomeLoanWS/doNext/approve-020/debt-exposure
341,56,111,65,HomeLoanService,HomeLoanWS/doNext/approve-020/partial-installment
277,15,72,63,HomeLoanService,HomeLoanWS/doNext/approve-020/relationship
6432,17,2743,61,HomeLoanService,HomeLoanWS/doNext/approve-020/verify-customer
89600,834,4956,35,HomeLoanService,HomeLoanWS/doNext/approve-020/verify-document
8126,95,2830,59,HomeLoanService,HomeLoanWS/doNext/approve-020/verify-hr
428,19,83,66,HomeLoanService,HomeLoanWS/doNext/approve-020/verify-income
17809,6,2838,66,HomeLoanService,HomeLoanWS/doNext/approve-020/verify-summary
6126,73,2651,59,HomeLoanService,HomeLoanWS/doNext/approve-020/verify-website
328,14,78,25,HomeLoanService,HomeLoanWS/doNext/approve-030/application-detail
1048,37,318,76,HomeLoanService,HomeLoanWS/doNext/approve-030/approve-decision
325,41,108,27,HomeLoanService,HomeLoanWS/doNext/approve-030/collateral-acting
319,39,106,38,HomeLoanService,HomeLoanWS/doNext/approve-030/credit-exposure
425,44,116,37,HomeLoanService,HomeLoanWS/doNext/approve-030/credit-limit-detail
525,48,181,42,HomeLoanService,HomeLoanWS/doNext/approve-030/debt-exposure
608,66,133,55,HomeLoanService,HomeLoanWS/doNext/approve-030/partial-installment
366,44,112,37,HomeLoanService,HomeLoanWS/doNext/approve-030/relationship
10329,149,4289,34,HomeLoanService,HomeLoanWS/doNext/approve-030/verify-customer
8028,1444,3487,37,HomeLoanService,HomeLoanWS/doNext/approve-030/verify-document
10484,130,4256,34,HomeLoanService,HomeLoanWS/doNext/approve-030/verify-hr
570,38,124,46,HomeLoanService,HomeLoanWS/doNext/approve-030/verify-income
10413,131,4311,37,HomeLoanService,HomeLoanWS/doNext/approve-030/verify-summary
8506,129,4354,36,HomeLoanService,HomeLoanWS/doNext/approve-030/verify-website
23,23,23,1,HomeLoanService,HomeLoanWS/doNext/approve-040/application-detail
543,192,306,7,HomeLoanService,HomeLoanWS/doNext/approve-040/approve-decision
92,92,92,1,HomeLoanService,HomeLoanWS/doNext/approve-040/collateral-acting
186,53,113,5,HomeLoanService,HomeLoanWS/doNext/approve-040/credit-exposure
113,63,82,5,HomeLoanService,HomeLoanWS/doNext/approve-040/credit-limit-detail
266,132,187,5,HomeLoanService,HomeLoanWS/doNext/approve-040/debt-exposure
300,95,148,6,HomeLoanService,HomeLoanWS/doNext/approve-040/partial-installment
96,53,72,6,HomeLoanService,HomeLoanWS/doNext/approve-040/relationship
3516,3016,3142,5,HomeLoanService,HomeLoanWS/doNext/approve-040/verify-customer
5354,2548,3641,5,HomeLoanService,HomeLoanWS/doNext/approve-040/verify-document
3729,2945,3209,4,HomeLoanService,HomeLoanWS/doNext/approve-040/verify-hr
130,89,102,4,HomeLoanService,HomeLoanWS/doNext/approve-040/verify-income
5871,3045,3934,4,HomeLoanService,HomeLoanWS/doNext/approve-040/verify-summary
4945,2928,3942,4,HomeLoanService,HomeLoanWS/doNext/approve-040/verify-website
194,28,93,7,HomeLoanService,HomeLoanWS/doNext/approve-055/collateral-acting
4185,2736,3313,4,HomeLoanService,HomeLoanWS/doNext/approve-055/verify-document
877,109,352,34,HomeLoanService,HomeLoanWS/doNext/approve-060/approve-decision
363,49,134,29,HomeLoanService,HomeLoanWS/doNext/approve-060/collateral-acting
246,21,104,30,HomeLoanService,HomeLoanWS/doNext/approve-060/credit-exposure
225,37,108,29,HomeLoanService,HomeLoanWS/doNext/approve-060/credit-limit-detail
966,50,210,32,HomeLoanService,HomeLoanWS/doNext/approve-060/debt-exposure
434,70,147,33,HomeLoanService,HomeLoanWS/doNext/approve-060/partial-installment
292,36,111,29,HomeLoanService,HomeLoanWS/doNext/approve-060/relationship
9440,133,4352,23,HomeLoanService,HomeLoanWS/doNext/approve-060/verify-customer
12320,1429,3850,25,HomeLoanService,HomeLoanWS/doNext/approve-060/verify-document
10361,128,4373,25,HomeLoanService,HomeLoanWS/doNext/approve-060/verify-hr
693,18,135,29,HomeLoanService,HomeLoanWS/doNext/approve-060/verify-income
10994,119,4227,28,HomeLoanService,HomeLoanWS/doNext/approve-060/verify-summary
11196,97,4320,27,HomeLoanService,HomeLoanWS/doNext/approve-060/verify-website
504,248,370,3,HomeLoanService,HomeLoanWS/doNext/approve-070/approve-decision
95,80,86,3,HomeLoanService,HomeLoanWS/doNext/approve-070/collateral-acting
73,60,66,2,HomeLoanService,HomeLoanWS/doNext/approve-070/credit-exposure
78,68,73,3,HomeLoanService,HomeLoanWS/doNext/approve-070/credit-limit-detail
269,120,175,3,HomeLoanService,HomeLoanWS/doNext/approve-070/debt-exposure
123,106,117,3,HomeLoanService,HomeLoanWS/doNext/approve-070/partial-installment
189,58,105,4,HomeLoanService,HomeLoanWS/doNext/approve-070/relationship
3284,3025,3154,2,HomeLoanService,HomeLoanWS/doNext/approve-070/verify-customer
2762,2656,2709,2,HomeLoanService,HomeLoanWS/doNext/approve-070/verify-document
3121,3033,3077,2,HomeLoanService,HomeLoanWS/doNext/approve-070/verify-hr
122,71,88,5,HomeLoanService,HomeLoanWS/doNext/approve-070/verify-income
3138,3021,3065,4,HomeLoanService,HomeLoanWS/doNext/approve-070/verify-summary
3011,2962,2988,3,HomeLoanService,HomeLoanWS/doNext/approve-070/verify-website
2708,1956,2410,3,HomeLoanService,HomeLoanWS/doNext/post-approve-010/summary-result
11539,30,3640,71,HomeLoanService,HomeLoanWS/doNext/prepare-010/cust-info
839,11,165,93,HomeLoanService,HomeLoanWS/doNext/prepare-020/income
1268,61,307,82,HomeLoanService,HomeLoanWS/doNext/prepare-020/personal-info
5191,413,1229,108,HomeLoanService,HomeLoanWS/doNext/prepare-021/package
602,22,108,109,HomeLoanService,HomeLoanWS/doNext/prepare-030/sale-channel
499,65,204,24,HomeLoanService,HomeLoanWS/doPreload/approve-010/application-detail
702,221,375,12,HomeLoanService,HomeLoanWS/doPreload/approve-010/collateral-acting
457,114,227,13,HomeLoanService,HomeLoanWS/doPreload/approve-010/credit-exposure
220,75,125,13,HomeLoanService,HomeLoanWS/doPreload/approve-010/credit-limit-detail
336,84,193,13,HomeLoanService,HomeLoanWS/doPreload/approve-010/cust-info
811,183,348,11,HomeLoanService,HomeLoanWS/doPreload/approve-010/debt-exposure
213,213,213,1,HomeLoanService,HomeLoanWS/doPreload/approve-010/loan-info
1758,326,582,12,HomeLoanService,HomeLoanWS/doPreload/approve-010/partial-installment
1497,13,373,21,HomeLoanService,HomeLoanWS/doPreload/approve-010/relationship
1139,816,977,2,HomeLoanService,HomeLoanWS/doPreload/approve-010/summary-result
1300,312,588,76,HomeLoanService,HomeLoanWS/doPreload/approve-010/verify-document
489,51,141,68,HomeLoanService,HomeLoanWS/doPreload/approve-020/application-detail
4110,76,694,88,HomeLoanService,HomeLoanWS/doPreload/approve-020/approve-decision
6638,293,831,90,HomeLoanService,HomeLoanWS/doPreload/approve-020/approve-summary
70,7,18,47,HomeLoanService,HomeLoanWS/doPreload/approve-020/basic-repayment-ability
2523,95,468,130,HomeLoanService,HomeLoanWS/doPreload/approve-020/collateral-acting
1628,97,302,70,HomeLoanService,HomeLoanWS/doPreload/approve-020/credit-exposure
598,66,164,82,HomeLoanService,HomeLoanWS/doPreload/approve-020/credit-limit-detail
6336,82,534,63,HomeLoanService,HomeLoanWS/doPreload/approve-020/cust-info
2616,125,613,59,HomeLoanService,HomeLoanWS/doPreload/approve-020/debt-exposure
6320,83,568,46,HomeLoanService,HomeLoanWS/doPreload/approve-020/income
2046,10,409,48,HomeLoanService,HomeLoanWS/doPreload/approve-020/loan-info
1946,312,693,61,HomeLoanService,HomeLoanWS/doPreload/approve-020/partial-installment
3806,82,554,46,HomeLoanService,HomeLoanWS/doPreload/approve-020/personal-info
11552,22,453,271,HomeLoanService,HomeLoanWS/doPreload/approve-020/policy-check
25294,98,683,103,HomeLoanService,HomeLoanWS/doPreload/approve-020/relationship
157,22,42,44,HomeLoanService,HomeLoanWS/doPreload/approve-020/sale-channel
2775,277,639,44,HomeLoanService,HomeLoanWS/doPreload/approve-020/summary-package
4840,6,955,53,HomeLoanService,HomeLoanWS/doPreload/approve-020/summary-result
3515,82,310,142,HomeLoanService,HomeLoanWS/doPreload/approve-020/verify-customer
1852,382,645,58,HomeLoanService,HomeLoanWS/doPreload/approve-020/verify-document
3433,83,336,61,HomeLoanService,HomeLoanWS/doPreload/approve-020/verify-hr
2574,183,456,65,HomeLoanService,HomeLoanWS/doPreload/approve-020/verify-income
3767,85,415,64,HomeLoanService,HomeLoanWS/doPreload/approve-020/verify-summary
3876,85,379,64,HomeLoanService,HomeLoanWS/doPreload/approve-020/verify-website
473,55,133,57,HomeLoanService,HomeLoanWS/doPreload/approve-030/application-detail
11776,92,970,174,HomeLoanService,HomeLoanWS/doPreload/approve-030/approve-decision
3707,328,875,127,HomeLoanService,HomeLoanWS/doPreload/approve-030/approve-summary
162,7,45,29,HomeLoanService,HomeLoanWS/doPreload/approve-030/basic-repayment-ability
1760,105,350,44,HomeLoanService,HomeLoanWS/doPreload/approve-030/collateral-acting
780,138,302,38,HomeLoanService,HomeLoanWS/doPreload/approve-030/credit-exposure
698,97,244,43,HomeLoanService,HomeLoanWS/doPreload/approve-030/credit-limit-detail
4212,80,422,67,HomeLoanService,HomeLoanWS/doPreload/approve-030/cust-info
3631,152,773,46,HomeLoanService,HomeLoanWS/doPreload/approve-030/debt-exposure
3568,83,390,28,HomeLoanService,HomeLoanWS/doPreload/approve-030/income
1420,164,454,30,HomeLoanService,HomeLoanWS/doPreload/approve-030/loan-info
2681,346,814,60,HomeLoanService,HomeLoanWS/doPreload/approve-030/partial-installment
7775,15,453,33,HomeLoanService,HomeLoanWS/doPreload/approve-030/personal-info
6138,8,786,254,HomeLoanService,HomeLoanWS/doPreload/approve-030/policy-check
913,109,300,42,HomeLoanService,HomeLoanWS/doPreload/approve-030/relationship
164,5,71,22,HomeLoanService,HomeLoanWS/doPreload/approve-030/sale-channel
1824,295,742,29,HomeLoanService,HomeLoanWS/doPreload/approve-030/summary-package
5093,515,1112,26,HomeLoanService,HomeLoanWS/doPreload/approve-030/summary-result
836,113,287,39,HomeLoanService,HomeLoanWS/doPreload/approve-030/verify-customer
1785,346,645,51,HomeLoanService,HomeLoanWS/doPreload/approve-030/verify-document
1151,108,306,40,HomeLoanService,HomeLoanWS/doPreload/approve-030/verify-hr
1219,177,378,42,HomeLoanService,HomeLoanWS/doPreload/approve-030/verify-income
897,112,297,41,HomeLoanService,HomeLoanWS/doPreload/approve-030/verify-summary
834,110,281,40,HomeLoanService,HomeLoanWS/doPreload/approve-030/verify-website
179,97,141,6,HomeLoanService,HomeLoanWS/doPreload/approve-040/application-detail
1054,742,914,7,HomeLoanService,HomeLoanWS/doPreload/approve-040/approve-decision
1107,565,728,7,HomeLoanService,HomeLoanWS/doPreload/approve-040/approve-summary
51,14,32,2,HomeLoanService,HomeLoanWS/doPreload/approve-040/basic-repayment-ability
1118,173,466,6,HomeLoanService,HomeLoanWS/doPreload/approve-040/collateral-acting
370,150,269,7,HomeLoanService,HomeLoanWS/doPreload/approve-040/credit-exposure
485,128,202,6,HomeLoanService,HomeLoanWS/doPreload/approve-040/credit-limit-detail
322,228,275,2,HomeLoanService,HomeLoanWS/doPreload/approve-040/cust-info
1386,347,866,7,HomeLoanService,HomeLoanWS/doPreload/approve-040/debt-exposure
294,231,262,2,HomeLoanService,HomeLoanWS/doPreload/approve-040/income
322,269,295,2,HomeLoanService,HomeLoanWS/doPreload/approve-040/loan-info
1207,533,780,6,HomeLoanService,HomeLoanWS/doPreload/approve-040/partial-installment
299,231,265,2,HomeLoanService,HomeLoanWS/doPreload/approve-040/personal-info
4259,348,1020,20,HomeLoanService,HomeLoanWS/doPreload/approve-040/policy-check
461,251,332,7,HomeLoanService,HomeLoanWS/doPreload/approve-040/relationship
114,30,72,2,HomeLoanService,HomeLoanWS/doPreload/approve-040/sale-channel
662,410,536,2,HomeLoanService,HomeLoanWS/doPreload/approve-040/summary-package
1112,846,979,2,HomeLoanService,HomeLoanWS/doPreload/approve-040/summary-result
689,275,360,7,HomeLoanService,HomeLoanWS/doPreload/approve-040/verify-customer
723,541,620,7,HomeLoanService,HomeLoanWS/doPreload/approve-040/verify-document
465,236,332,7,HomeLoanService,HomeLoanWS/doPreload/approve-040/verify-hr
1507,396,804,6,HomeLoanService,HomeLoanWS/doPreload/approve-040/verify-income
455,259,328,6,HomeLoanService,HomeLoanWS/doPreload/approve-040/verify-summary
353,261,320,6,HomeLoanService,HomeLoanWS/doPreload/approve-040/verify-website
106,106,106,1,HomeLoanService,HomeLoanWS/doPreload/approve-055/application-detail
1444,124,851,5,HomeLoanService,HomeLoanWS/doPreload/approve-055/approve-decision
995,377,752,4,HomeLoanService,HomeLoanWS/doPreload/approve-055/approve-summary
1689,115,473,71,HomeLoanService,HomeLoanWS/doPreload/approve-055/collateral-acting
532,85,232,4,HomeLoanService,HomeLoanWS/doPreload/approve-055/cust-info
3139,163,885,9,HomeLoanService,HomeLoanWS/doPreload/approve-055/debt-exposure
479,336,407,2,HomeLoanService,HomeLoanWS/doPreload/approve-055/partial-installment
3580,19,542,49,HomeLoanService,HomeLoanWS/doPreload/approve-055/policy-check
29,24,26,2,HomeLoanService,HomeLoanWS/doPreload/approve-055/sale-channel
1589,402,1011,6,HomeLoanService,HomeLoanWS/doPreload/approve-055/summary-package
1017,924,957,3,HomeLoanService,HomeLoanWS/doPreload/approve-055/summary-result
415,345,366,4,HomeLoanService,HomeLoanWS/doPreload/approve-055/verify-customer
1865,339,657,15,HomeLoanService,HomeLoanWS/doPreload/approve-055/verify-document
940,133,458,3,HomeLoanService,HomeLoanWS/doPreload/approve-055/verify-hr
457,202,365,3,HomeLoanService,HomeLoanWS/doPreload/approve-055/verify-income
1136,115,470,4,HomeLoanService,HomeLoanWS/doPreload/approve-055/verify-summary
555,126,376,3,HomeLoanService,HomeLoanWS/doPreload/approve-055/verify-website
901,65,206,28,HomeLoanService,HomeLoanWS/doPreload/approve-060/application-detail
16460,177,1759,49,HomeLoanService,HomeLoanWS/doPreload/approve-060/approve-decision
4685,331,970,87,HomeLoanService,HomeLoanWS/doPreload/approve-060/approve-summary
245,10,45,16,HomeLoanService,HomeLoanWS/doPreload/approve-060/basic-repayment-ability
3500,117,534,42,HomeLoanService,HomeLoanWS/doPreload/approve-060/collateral-acting
2210,108,485,28,HomeLoanService,HomeLoanWS/doPreload/approve-060/credit-exposure
1053,70,263,33,HomeLoanService,HomeLoanWS/doPreload/approve-060/credit-limit-detail
2275,84,395,29,HomeLoanService,HomeLoanWS/doPreload/approve-060/cust-info
8554,125,1223,29,HomeLoanService,HomeLoanWS/doPreload/approve-060/debt-exposure
2117,92,453,16,HomeLoanService,HomeLoanWS/doPreload/approve-060/income
3658,173,838,16,HomeLoanService,HomeLoanWS/doPreload/approve-060/loan-info
6878,371,1329,37,HomeLoanService,HomeLoanWS/doPreload/approve-060/partial-installment
2254,96,470,15,HomeLoanService,HomeLoanWS/doPreload/approve-060/personal-info
5097,20,640,122,HomeLoanService,HomeLoanWS/doPreload/approve-060/policy-check
2058,94,419,33,HomeLoanService,HomeLoanWS/doPreload/approve-060/relationship
164,33,67,14,HomeLoanService,HomeLoanWS/doPreload/approve-060/sale-channel
2167,278,777,20,HomeLoanService,HomeLoanWS/doPreload/approve-060/summary-package
2536,447,961,18,HomeLoanService,HomeLoanWS/doPreload/approve-060/summary-result
828,107,308,31,HomeLoanService,HomeLoanWS/doPreload/approve-060/verify-customer
1424,355,693,32,HomeLoanService,HomeLoanWS/doPreload/approve-060/verify-document
1745,108,350,31,HomeLoanService,HomeLoanWS/doPreload/approve-060/verify-hr
3536,175,462,31,HomeLoanService,HomeLoanWS/doPreload/approve-060/verify-income
2189,90,426,29,HomeLoanService,HomeLoanWS/doPreload/approve-060/verify-summary
1665,90,357,33,HomeLoanService,HomeLoanWS/doPreload/approve-060/verify-website
253,125,186,4,HomeLoanService,HomeLoanWS/doPreload/approve-070/application-detail
1334,905,1057,3,HomeLoanService,HomeLoanWS/doPreload/approve-070/approve-decision
4541,661,1267,11,HomeLoanService,HomeLoanWS/doPreload/approve-070/approve-summary
74,74,74,1,HomeLoanService,HomeLoanWS/doPreload/approve-070/basic-repayment-ability
1206,601,898,3,HomeLoanService,HomeLoanWS/doPreload/approve-070/collateral-acting
1041,264,481,4,HomeLoanService,HomeLoanWS/doPreload/approve-070/credit-exposure
468,243,322,3,HomeLoanService,HomeLoanWS/doPreload/approve-070/credit-limit-detail
278,208,243,2,HomeLoanService,HomeLoanWS/doPreload/approve-070/cust-info
820,562,692,3,HomeLoanService,HomeLoanWS/doPreload/approve-070/debt-exposure
267,267,267,1,HomeLoanService,HomeLoanWS/doPreload/approve-070/income
497,497,497,1,HomeLoanService,HomeLoanWS/doPreload/approve-070/loan-info
1418,826,1088,3,HomeLoanService,HomeLoanWS/doPreload/approve-070/partial-installment
266,266,266,1,HomeLoanService,HomeLoanWS/doPreload/approve-070/personal-info
1169,450,748,11,HomeLoanService,HomeLoanWS/doPreload/approve-070/policy-check
647,251,354,4,HomeLoanService,HomeLoanWS/doPreload/approve-070/relationship
185,185,185,1,HomeLoanService,HomeLoanWS/doPreload/approve-070/sale-channel
2109,2109,2109,1,HomeLoanService,HomeLoanWS/doPreload/approve-070/summary-package
814,814,814,1,HomeLoanService,HomeLoanWS/doPreload/approve-070/summary-result
1240,240,578,3,HomeLoanService,HomeLoanWS/doPreload/approve-070/verify-customer
867,523,668,4,HomeLoanService,HomeLoanWS/doPreload/approve-070/verify-document
568,240,350,3,HomeLoanService,HomeLoanWS/doPreload/approve-070/verify-hr
876,343,554,4,HomeLoanService,HomeLoanWS/doPreload/approve-070/verify-income
590,238,332,4,HomeLoanService,HomeLoanWS/doPreload/approve-070/verify-summary
790,239,393,4,HomeLoanService,HomeLoanWS/doPreload/approve-070/verify-website
104,104,104,1,HomeLoanService,HomeLoanWS/doPreload/end/approve-result-front
641,80,143,19,HomeLoanService,HomeLoanWS/doPreload/end/cust-info
13,6,9,7,HomeLoanService,HomeLoanWS/doPreload/fraud-010/application-detail
79,79,79,1,HomeLoanService,HomeLoanWS/doPreload/fraud-010/credit-limit-detail
183,183,183,1,HomeLoanService,HomeLoanWS/doPreload/fraud-010/debt-exposure
106,106,106,1,HomeLoanService,HomeLoanWS/doPreload/fraud-010/relationship
380,380,380,1,HomeLoanService,HomeLoanWS/doPreload/fraud-010/verify-document
163,163,163,1,HomeLoanService,HomeLoanWS/doPreload/fraud-010/verify-income
369,369,369,1,HomeLoanService,HomeLoanWS/doPreload/fraud-010/verify-summary
106,106,106,1,HomeLoanService,HomeLoanWS/doPreload/fraud-010/verify-website
309,77,137,6,HomeLoanService,HomeLoanWS/doPreload/post-approve-010/application-detail
745,698,721,2,HomeLoanService,HomeLoanWS/doPreload/post-approve-010/approve-decision
20624,159,1797,158,HomeLoanService,HomeLoanWS/doPreload/post-approve-010/approve-result-front
2460,347,734,53,HomeLoanService,HomeLoanWS/doPreload/post-approve-010/approve-summary
69,23,43,7,HomeLoanService,HomeLoanWS/doPreload/post-approve-010/basic-repayment-ability
155,155,155,1,HomeLoanService,HomeLoanWS/doPreload/post-approve-010/credit-limit-detail
849,104,316,11,HomeLoanService,HomeLoanWS/doPreload/post-approve-010/cust-info
999,331,665,2,HomeLoanService,HomeLoanWS/doPreload/post-approve-010/debt-exposure
466,102,275,5,HomeLoanService,HomeLoanWS/doPreload/post-approve-010/income
1471,249,916,4,HomeLoanService,HomeLoanWS/doPreload/post-approve-010/loan-info
2681,497,1272,7,HomeLoanService,HomeLoanWS/doPreload/post-approve-010/partial-installment
617,100,242,6,HomeLoanService,HomeLoanWS/doPreload/post-approve-010/personal-info
960,14,372,30,HomeLoanService,HomeLoanWS/doPreload/post-approve-010/policy-check
497,126,311,2,HomeLoanService,HomeLoanWS/doPreload/post-approve-010/relationship
62,41,51,2,HomeLoanService,HomeLoanWS/doPreload/post-approve-010/sale-channel
1202,324,763,5,HomeLoanService,HomeLoanWS/doPreload/post-approve-010/summary-package
2013,537,968,16,HomeLoanService,HomeLoanWS/doPreload/post-approve-010/summary-result
487,474,480,2,HomeLoanService,HomeLoanWS/doPreload/post-approve-010/verify-document
418,418,418,1,HomeLoanService,HomeLoanWS/doPreload/post-approve-010/verify-income
125,4,10,71,HomeLoanService,HomeLoanWS/doPreload/prepare-010/basic-repayment-ability
147,147,147,1,HomeLoanService,HomeLoanWS/doPreload/prepare-010/cust-info
704,67,151,72,HomeLoanService,HomeLoanWS/doPreload/prepare-011/summary-result
22,10,17,5,HomeLoanService,HomeLoanWS/doPreload/prepare-012/basic-repayment-ability
358,130,233,3,HomeLoanService,HomeLoanWS/doPreload/prepare-012/cust-info
2277,187,464,81,HomeLoanService,HomeLoanWS/doPreload/prepare-012/summary-result
356,295,325,2,HomeLoanService,HomeLoanWS/doPreload/prepare-013/summary-result
32,7,20,8,HomeLoanService,HomeLoanWS/doPreload/prepare-020/basic-repayment-ability
6446,88,1258,6,HomeLoanService,HomeLoanWS/doPreload/prepare-020/cust-info
804,80,282,93,HomeLoanService,HomeLoanWS/doPreload/prepare-020/income
1686,58,323,101,HomeLoanService,HomeLoanWS/doPreload/prepare-020/loan-info
918,82,235,76,HomeLoanService,HomeLoanWS/doPreload/prepare-020/personal-info
52,28,40,2,HomeLoanService,HomeLoanWS/doPreload/prepare-021/basic-repayment-ability
408,200,313,3,HomeLoanService,HomeLoanWS/doPreload/prepare-021/cust-info
996,91,348,8,HomeLoanService,HomeLoanWS/doPreload/prepare-021/income
1453,194,473,13,HomeLoanService,HomeLoanWS/doPreload/prepare-021/loan-info
2625,9,515,136,HomeLoanService,HomeLoanWS/doPreload/prepare-021/package
1210,208,426,8,HomeLoanService,HomeLoanWS/doPreload/prepare-021/personal-info
3601,219,541,2159,HomeLoanService,HomeLoanWS/doPreload/prepare-021/summary-package
672,477,559,3,HomeLoanService,HomeLoanWS/doPreload/prepare-022/loan-info
538,538,538,1,HomeLoanService,HomeLoanWS/doPreload/prepare-022/personal-info
2761,393,769,213,HomeLoanService,HomeLoanWS/doPreload/prepare-022/summary-package
6420,13,2149,3,HomeLoanService,HomeLoanWS/doPreload/prepare-030/basic-repayment-ability
438,103,221,3,HomeLoanService,HomeLoanWS/doPreload/prepare-030/cust-info
796,81,344,19,HomeLoanService,HomeLoanWS/doPreload/prepare-030/income
1274,198,461,13,HomeLoanService,HomeLoanWS/doPreload/prepare-030/loan-info
480,95,229,11,HomeLoanService,HomeLoanWS/doPreload/prepare-030/personal-info
194,15,49,169,HomeLoanService,HomeLoanWS/doPreload/prepare-030/sale-channel
1403,309,627,15,HomeLoanService,HomeLoanWS/doPreload/prepare-030/summary-package
5797,450,1234,136,HomeLoanService,HomeLoanWS/doPreload/prepare-030/summary-result
2530,2219,2374,2,HomeLoanService,HomeLoanWS/doPreload/prepare-040/approve-result-front
460,460,460,1,HomeLoanService,HomeLoanWS/doPreload/prepare-040/credit-limit-detail
2576,1580,2078,2,HomeLoanService,HomeLoanWS/doPreload/prepare-040/debt-exposure
2100,1728,1914,2,HomeLoanService,HomeLoanWS/doPreload/prepare-040/partial-installment
27,7,14,5,HomeLoanService,HomeLoanWS/doPreload/system-011/basic-repayment-ability
486,85,219,8,HomeLoanService,HomeLoanWS/doPreload/system-011/cust-info
461,111,189,108,HomeLoanService,HomeLoanWS/doPreload/system-011/summary-result
433,432,432,2,HomeLoanService,HomeLoanWS/doPreload/system-012/summary-result
277,277,277,1,HomeLoanService,HomeLoanWS/doPreload/system-013/cust-info
242,242,242,1,HomeLoanService,HomeLoanWS/doPreload/system-013/loan-info
329,329,329,1,HomeLoanService,HomeLoanWS/doPreload/system-013/summary-package
1590,591,1012,17,HomeLoanService,HomeLoanWS/doPreload/system-013/summary-result
3165,876,1594,14,HomeLoanService,HomeLoanWS/doPreload/system-015/approve-result-front
1058,1058,1058,1,HomeLoanService,HomeLoanWS/doPreload/system-015/approve-summary
68,68,68,1,HomeLoanService,HomeLoanWS/doPreload/system-015/basic-repayment-ability
331,331,331,1,HomeLoanService,HomeLoanWS/doPreload/system-015/cust-info
535,535,535,1,HomeLoanService,HomeLoanWS/doPreload/system-015/income
636,636,636,1,HomeLoanService,HomeLoanWS/doPreload/system-015/loan-info
353,353,353,1,HomeLoanService,HomeLoanWS/doPreload/system-015/personal-info
739,739,739,1,HomeLoanService,HomeLoanWS/doPreload/system-015/summary-package
635,54,344,2,HomeLoanService,HomeLoanWS/doPreload/system-020/basic-repayment-ability
810,796,803,2,HomeLoanService,HomeLoanWS/doPreload/system-020/income
268,247,257,2,HomeLoanService,HomeLoanWS/doPreload/system-020/loan-info
430,430,430,1,HomeLoanService,HomeLoanWS/doPreload/system-020/personal-info
59,44,53,3,HomeLoanService,HomeLoanWS/doPreload/system-020/sale-channel
405,362,381,4,HomeLoanService,HomeLoanWS/doPreload/system-020/summary-package
10544,570,1508,61,HomeLoanService,HomeLoanWS/doPreload/system-020/summary-result
374,343,358,2,HomeLoanService,HomeLoanWS/doPreload/system-030/verify-document
341,73,169,3,HomeLoanService,HomeLoanWS/doPreload/system-031/application-detail
524,494,509,2,HomeLoanService,HomeLoanWS/doPreload/system-031/approve-summary
29,29,29,1,HomeLoanService,HomeLoanWS/doPreload/system-031/basic-repayment-ability
95,89,92,2,HomeLoanService,HomeLoanWS/doPreload/system-031/credit-limit-detail
254,114,203,3,HomeLoanService,HomeLoanWS/doPreload/system-031/cust-info
241,241,241,1,HomeLoanService,HomeLoanWS/doPreload/system-031/debt-exposure
118,118,118,1,HomeLoanService,HomeLoanWS/doPreload/system-031/income
404,404,404,1,HomeLoanService,HomeLoanWS/doPreload/system-031/loan-info
115,115,115,1,HomeLoanService,HomeLoanWS/doPreload/system-031/personal-info
5052,313,811,27,HomeLoanService,HomeLoanWS/doPreload/system-031/policy-check
144,144,144,1,HomeLoanService,HomeLoanWS/doPreload/system-031/relationship
564,350,457,2,HomeLoanService,HomeLoanWS/doPreload/system-031/summary-package
965,965,965,1,HomeLoanService,HomeLoanWS/doPreload/system-031/summary-result
123,123,123,1,HomeLoanService,HomeLoanWS/doPreload/system-031/verify-customer
414,398,406,2,HomeLoanService,HomeLoanWS/doPreload/system-031/verify-document
124,124,124,1,HomeLoanService,HomeLoanWS/doPreload/system-031/verify-hr
906,906,906,1,HomeLoanService,HomeLoanWS/doPreload/system-050/approve-result-front
1136,1009,1068,3,HomeLoanService,HomeLoanWS/doPreload/system-050/approve-summary
12,12,12,1,HomeLoanService,HomeLoanWS/doPreload/system-050/basic-repayment-ability
386,84,245,14,HomeLoanService,HomeLoanWS/doPreload/system-050/cust-info
427,427,427,1,HomeLoanService,HomeLoanWS/doPreload/system-050/loan-info
268,268,268,1,HomeLoanService,HomeLoanWS/doPreload/system-050/personal-info
1440,1440,1440,1,HomeLoanService,HomeLoanWS/doPreload/system-050/policy-check
2000,60,1324,4,HomeLoanService,HomeLoanWS/doResubmit/post-approve-010/approve-result-front
287,30,94,8,HomeLoanService,HomeLoanWS/doReturn/approve-020
46,46,46,1,HomeLoanService,HomeLoanWS/doReturn/approve-040
1434,32,393,4,HomeLoanService,HomeLoanWS/doReturn/system-011
426,33,129,5,HomeLoanService,HomeLoanWS/doReturn2Analyst/approve-030
51,51,51,1,HomeLoanService,HomeLoanWS/doReturn2Analyst/approve-040
84,62,69,3,HomeLoanService,HomeLoanWS/doReturn2Analyst/approve-060
279,37,74,9,HomeLoanService,HomeLoanWS/doReturn2f/approve-010
147,36,91,2,HomeLoanService,HomeLoanWS/doReturn2f/approve-020
217,134,175,2,HomeLoanService,HomeLoanWS/doReturn2f/approve-030
112,64,88,2,HomeLoanService,HomeLoanWS/doReturn2f/approve-060
25,25,25,1,HomeLoanService,HomeLoanWS/doSave/approve-010/credit-limit-detail
75,26,43,12,HomeLoanService,HomeLoanWS/doSave/approve-010/partial-installment
43,22,28,6,HomeLoanService,HomeLoanWS/doSave/approve-010/relationship
5839,11,1660,40,HomeLoanService,HomeLoanWS/doSave/approve-010/verify-document
2157,15,122,28,HomeLoanService,HomeLoanWS/doSave/approve-020/application-detail
551,43,178,24,HomeLoanService,HomeLoanWS/doSave/approve-020/approve-decision
244,22,76,85,HomeLoanService,HomeLoanWS/doSave/approve-020/approve-summary
266,10,69,67,HomeLoanService,HomeLoanWS/doSave/approve-020/collateral-acting
69,21,38,7,HomeLoanService,HomeLoanWS/doSave/approve-020/credit-exposure
110,14,39,16,HomeLoanService,HomeLoanWS/doSave/approve-020/credit-limit-detail
358,21,106,13,HomeLoanService,HomeLoanWS/doSave/approve-020/debt-exposure
251,16,102,14,HomeLoanService,HomeLoanWS/doSave/approve-020/partial-installment
289,11,75,101,HomeLoanService,HomeLoanWS/doSave/approve-020/policy-check
294,19,80,21,HomeLoanService,HomeLoanWS/doSave/approve-020/relationship
37,37,37,1,HomeLoanService,HomeLoanWS/doSave/approve-020/summary-result
9882,64,3189,78,HomeLoanService,HomeLoanWS/doSave/approve-020/verify-customer
7808,970,2916,23,HomeLoanService,HomeLoanWS/doSave/approve-020/verify-document
9896,138,2823,14,HomeLoanService,HomeLoanWS/doSave/approve-020/verify-hr
128,27,61,6,HomeLoanService,HomeLoanWS/doSave/approve-020/verify-income
9468,206,3097,21,HomeLoanService,HomeLoanWS/doSave/approve-020/verify-summary
17217,134,3406,16,HomeLoanService,HomeLoanWS/doSave/approve-020/verify-website
211,19,72,32,HomeLoanService,HomeLoanWS/doSave/approve-030/application-detail
1267,12,279,53,HomeLoanService,HomeLoanWS/doSave/approve-030/approve-decision
490,8,91,98,HomeLoanService,HomeLoanWS/doSave/approve-030/approve-summary
290,53,141,19,HomeLoanService,HomeLoanWS/doSave/approve-030/collateral-acting
73,65,69,2,HomeLoanService,HomeLoanWS/doSave/approve-030/credit-exposure
96,15,61,8,HomeLoanService,HomeLoanWS/doSave/approve-030/credit-limit-detail
416,26,154,10,HomeLoanService,HomeLoanWS/doSave/approve-030/debt-exposure
49,49,49,1,HomeLoanService,HomeLoanWS/doSave/approve-030/loan-info
162,56,103,18,HomeLoanService,HomeLoanWS/doSave/approve-030/partial-installment
251,6,85,116,HomeLoanService,HomeLoanWS/doSave/approve-030/policy-check
160,38,68,8,HomeLoanService,HomeLoanWS/doSave/approve-030/relationship
5825,2915,3685,9,HomeLoanService,HomeLoanWS/doSave/approve-030/verify-customer
9689,9,3501,20,HomeLoanService,HomeLoanWS/doSave/approve-030/verify-document
3472,2877,3030,7,HomeLoanService,HomeLoanWS/doSave/approve-030/verify-hr
134,58,88,4,HomeLoanService,HomeLoanWS/doSave/approve-030/verify-income
10788,2940,4029,10,HomeLoanService,HomeLoanWS/doSave/approve-030/verify-summary
3742,286,2722,6,HomeLoanService,HomeLoanWS/doSave/approve-030/verify-website
101,39,58,5,HomeLoanService,HomeLoanWS/doSave/approve-040/application-detail
326,64,126,7,HomeLoanService,HomeLoanWS/doSave/approve-040/approve-summary
140,75,104,5,HomeLoanService,HomeLoanWS/doSave/approve-040/collateral-acting
92,71,79,3,HomeLoanService,HomeLoanWS/doSave/approve-040/credit-exposure
98,69,88,4,HomeLoanService,HomeLoanWS/doSave/approve-040/credit-limit-detail
128,128,128,1,HomeLoanService,HomeLoanWS/doSave/approve-040/debt-exposure
96,39,65,10,HomeLoanService,HomeLoanWS/doSave/approve-040/policy-check
131,51,91,2,HomeLoanService,HomeLoanWS/doSave/approve-040/relationship
3056,3001,3028,2,HomeLoanService,HomeLoanWS/doSave/approve-040/verify-customer
2668,2633,2650,3,HomeLoanService,HomeLoanWS/doSave/approve-040/verify-document
3063,3002,3023,3,HomeLoanService,HomeLoanWS/doSave/approve-040/verify-hr
85,69,77,2,HomeLoanService,HomeLoanWS/doSave/approve-040/verify-income
5026,3042,3706,3,HomeLoanService,HomeLoanWS/doSave/approve-040/verify-summary
3079,2983,3031,2,HomeLoanService,HomeLoanWS/doSave/approve-040/verify-website
34,20,27,2,HomeLoanService,HomeLoanWS/doSave/approve-055/approve-decision
93,35,64,2,HomeLoanService,HomeLoanWS/doSave/approve-055/approve-summary
245,28,76,42,HomeLoanService,HomeLoanWS/doSave/approve-055/collateral-acting
55,28,41,2,HomeLoanService,HomeLoanWS/doSave/approve-055/debt-exposure
214,30,87,19,HomeLoanService,HomeLoanWS/doSave/approve-055/policy-check
61,61,61,1,HomeLoanService,HomeLoanWS/doSave/approve-055/verify-customer
4642,97,3127,6,HomeLoanService,HomeLoanWS/doSave/approve-055/verify-document
457,119,306,9,HomeLoanService,HomeLoanWS/doSave/approve-060/approve-decision
403,22,117,53,HomeLoanService,HomeLoanWS/doSave/approve-060/approve-summary
410,36,113,15,HomeLoanService,HomeLoanWS/doSave/approve-060/collateral-acting
80,80,80,1,HomeLoanService,HomeLoanWS/doSave/approve-060/credit-exposure
175,33,92,8,HomeLoanService,HomeLoanWS/doSave/approve-060/credit-limit-detail
301,83,162,3,HomeLoanService,HomeLoanWS/doSave/approve-060/debt-exposure
397,73,149,11,HomeLoanService,HomeLoanWS/doSave/approve-060/partial-installment
182,26,68,54,HomeLoanService,HomeLoanWS/doSave/approve-060/policy-check
182,56,108,4,HomeLoanService,HomeLoanWS/doSave/approve-060/relationship
6319,213,2910,12,HomeLoanService,HomeLoanWS/doSave/approve-060/verify-customer
8515,1840,3990,11,HomeLoanService,HomeLoanWS/doSave/approve-060/verify-document
5807,137,2436,9,HomeLoanService,HomeLoanWS/doSave/approve-060/verify-hr
606,66,204,7,HomeLoanService,HomeLoanWS/doSave/approve-060/verify-income
6017,145,2830,11,HomeLoanService,HomeLoanWS/doSave/approve-060/verify-summary
6135,171,3551,15,HomeLoanService,HomeLoanWS/doSave/approve-060/verify-website
1371,29,285,6,HomeLoanService,HomeLoanWS/doSave/approve-070/approve-summary
75,75,75,1,HomeLoanService,HomeLoanWS/doSave/approve-070/credit-exposure
174,35,74,8,HomeLoanService,HomeLoanWS/doSave/approve-070/policy-check
141,141,141,1,HomeLoanService,HomeLoanWS/doSave/approve-070/relationship
3202,3202,3202,1,HomeLoanService,HomeLoanWS/doSave/approve-070/verify-customer
9476,3177,5885,3,HomeLoanService,HomeLoanWS/doSave/approve-070/verify-document
3426,3426,3426,1,HomeLoanService,HomeLoanWS/doSave/approve-070/verify-hr
114,60,88,3,HomeLoanService,HomeLoanWS/doSave/approve-070/verify-income
3136,3136,3136,1,HomeLoanService,HomeLoanWS/doSave/approve-070/verify-summary
3453,3453,3453,1,HomeLoanService,HomeLoanWS/doSave/approve-070/verify-website
8,8,8,1,HomeLoanService,HomeLoanWS/doSave/fraud-010/credit-limit-detail
179,16,48,32,HomeLoanService,HomeLoanWS/doSave/post-approve-010/approve-result-front
227,18,84,17,HomeLoanService,HomeLoanWS/doSave/post-approve-010/approve-summary
54,54,54,1,HomeLoanService,HomeLoanWS/doSave/post-approve-010/credit-limit-detail
4619,2890,3763,6,HomeLoanService,HomeLoanWS/doSave/post-approve-010/summary-result
145,18,44,6,HomeLoanService,HomeLoanWS/doSave/prepare-012/summary-result
161,125,143,2,HomeLoanService,HomeLoanWS/doSave/prepare-020/income
6397,200,3298,2,HomeLoanService,HomeLoanWS/doSave/prepare-020/loan-info
501,71,201,4,HomeLoanService,HomeLoanWS/doSave/prepare-020/personal-info
349,26,94,12,HomeLoanService,HomeLoanWS/doSave/prepare-021/package
84,24,42,8,HomeLoanService,HomeLoanWS/doSave/prepare-021/summary-package
68,68,68,1,HomeLoanService,HomeLoanWS/doSave/prepare-022/summary-package
325,23,106,23,HomeLoanService,HomeLoanWS/doSave/prepare-030/sale-channel
214,34,72,49,HomeLoanService,HomeLoanWS/doSave/prepare-030/summary-result
173,173,173,1,HomeLoanService,HomeLoanWS/doSave/prepare-040/credit-limit-detail
67,32,49,2,HomeLoanService,HomeLoanWS/doSave/system-031/credit-limit-detail
956,956,956,1,HomeLoanService,HomeLoanWS/doSubmit/approve-010/credit-limit-detail
1516,189,864,12,HomeLoanService,HomeLoanWS/doSubmit/approve-010/partial-installment
1753,382,845,6,HomeLoanService,HomeLoanWS/doSubmit/approve-010/relationship
3463,133,772,34,HomeLoanService,HomeLoanWS/doSubmit/approve-010/verify-document
704,704,704,1,HomeLoanService,HomeLoanWS/doSubmit/approve-020/application-detail
455,109,282,2,HomeLoanService,HomeLoanWS/doSubmit/approve-020/approve-decision
38777,93,1849,33,HomeLoanService,HomeLoanWS/doSubmit/approve-020/approve-summary
37,37,37,1,HomeLoanService,HomeLoanWS/doSubmit/approve-020/debt-exposure
936,474,705,2,HomeLoanService,HomeLoanWS/doSubmit/approve-020/policy-check
1116,1116,1116,1,HomeLoanService,HomeLoanWS/doSubmit/approve-020/summary-result
321,55,157,3,HomeLoanService,HomeLoanWS/doSubmit/approve-020/verify-customer
2202,251,739,7,HomeLoanService,HomeLoanWS/doSubmit/approve-020/verify-document
430,430,430,1,HomeLoanService,HomeLoanWS/doSubmit/approve-030/application-detail
604,84,205,30,HomeLoanService,HomeLoanWS/doSubmit/approve-030/approve-summary
159,159,159,1,HomeLoanService,HomeLoanWS/doSubmit/approve-030/loan-info
57,57,57,1,HomeLoanService,HomeLoanWS/doSubmit/approve-030/policy-check
429,155,281,5,HomeLoanService,HomeLoanWS/doSubmit/approve-040/approve-summary
497,497,497,1,HomeLoanService,HomeLoanWS/doSubmit/approve-040/collateral-acting
76,71,73,2,HomeLoanService,HomeLoanWS/doSubmit/approve-055/approve-decision
162,60,111,2,HomeLoanService,HomeLoanWS/doSubmit/approve-055/approve-summary
449,295,343,10,HomeLoanService,HomeLoanWS/doSubmit/approve-055/collateral-acting
58,52,55,2,HomeLoanService,HomeLoanWS/doSubmit/approve-055/debt-exposure
63,63,63,1,HomeLoanService,HomeLoanWS/doSubmit/approve-055/policy-check
326,326,326,1,HomeLoanService,HomeLoanWS/doSubmit/approve-055/verify-customer
365,87,226,2,HomeLoanService,HomeLoanWS/doSubmit/approve-055/verify-document
10502,5041,7831,3,HomeLoanService,HomeLoanWS/doSubmit/approve-060/approve-decision
11611,108,4331,27,HomeLoanService,HomeLoanWS/doSubmit/approve-060/approve-summary
4669,4622,4645,2,HomeLoanService,HomeLoanWS/doSubmit/approve-060/partial-installment
11332,11332,11332,1,HomeLoanService,HomeLoanWS/doSubmit/approve-060/policy-check
6129,6129,6129,1,HomeLoanService,HomeLoanWS/doSubmit/approve-060/verify-customer
8793,3433,6278,4,HomeLoanService,HomeLoanWS/doSubmit/approve-070/approve-summary
76,66,71,2,HomeLoanService,HomeLoanWS/doSubmit/fraud-010/application-detail
7111,68,2505,18,HomeLoanService,HomeLoanWS/doSubmit/post-approve-010/approve-result-front
4723,58,2693,5,HomeLoanService,HomeLoanWS/doSubmit/post-approve-010/approve-summary
3881,3247,3564,2,HomeLoanService,HomeLoanWS/doSubmit/post-approve-010/policy-check
9559,68,2754,67,HomeLoanService,HomeLoanWS/doSubmit/prepare-010/basic-repayment-ability
1742,275,575,66,HomeLoanService,HomeLoanWS/doSubmit/prepare-011/summary-result
264,31,61,50,HomeLoanService,HomeLoanWS/doSubmit/prepare-012/summary-result
778,663,720,2,HomeLoanService,HomeLoanWS/doSubmit/prepare-013/summary-result
23367,609,3772,91,HomeLoanService,HomeLoanWS/doSubmit/prepare-020/loan-info
1559,95,315,62,HomeLoanService,HomeLoanWS/doSubmit/prepare-021/summary-package
556,123,231,13,HomeLoanService,HomeLoanWS/doSubmit/prepare-022/summary-package
3075,20,897,79,HomeLoanService,HomeLoanWS/doSubmit/prepare-030/summary-result
18792,1578,4646,54,HomeLoanService,HomeLoanWS/doSubmit/system-011
112,32,59,3,HomeLoanService,HomeLoanWS/doSubmit/system-012
1067,119,303,9,HomeLoanService,HomeLoanWS/doSubmit/system-013
2326,149,504,7,HomeLoanService,HomeLoanWS/doSubmit/system-015
1060,102,243,38,HomeLoanService,HomeLoanWS/doSubmit/system-020
251,32,141,2,HomeLoanService,HomeLoanWS/doSubmit/system-030
7400,226,1316,7,HomeLoanService,HomeLoanWS/doSubmit/system-031
5,2,3,2,InboundService,airportConfigWS/getRuntimeConfig
105,4,16,40,InboundService,inboundNoHeaderWS
81489,8,4602,368,InboundService,inboundNoHeaderWS/notificationResult
27290,8,2431,176,InboundService,inboundWS/notificationResult
