193ms,HomeLoanService,HomeLoanWS/doSubmit/prepare-021/summary-package
103ms,HomeLoanService,HomeLoanWS/doPreload/prepare-030/sale-channel
139ms,HomeLoanService,HomeLoanWS/doNext/prepare-030/sale-channel
762ms,HomeLoanService,HomeLoanWS/doPreload/prepare-030/summary-result
40ms,HomeLoanService,HomeLoanWS/doNext/approve-020/verify-income
192ms,HomeLoanService,HomeLoanWS/doPreload/approve-020/verify-summary
3170ms,HomeLoanService,HomeLoanWS/doNext/approve-020/verify-summary
135ms,HomeLoanService,HomeLoanWS/doNext/prepare-020/income
95ms,HomeLoanService,HomeLoanWS/doPreload/prepare-020/loan-info
377ms,HomeLoanService,HomeLoanWS/doPreload/approve-020/relationship
45ms,HomeLoanService,HomeLoanWS/doSave/prepare-030/summary-result
221ms,HomeLoanService,HomeLoanWS/doPreload/prepare-030/personal-info
31ms,HomeLoanService,HomeLoanWS/doNext/approve-020/relationship
135ms,HomeLoanService,HomeLoanWS/doPreload/approve-020/credit-exposure
795ms,HomeLoanService,HomeLoanWS/doPreload/prepare-030/summary-result
50ms,HomeLoanService,HomeLoanWS/doSave/prepare-030/summary-result
219ms,HomeLoanService,HomeLoanWS/doPreload/prepare-030/cust-info
22ms,HomeLoanService,HomeLoanWS/doNext/approve-020/credit-exposure
153ms,HomeLoanService,HomeLoanWS/doPreload/approve-020/credit-limit-detail
718ms,HomeLoanService,HomeLoanWS/doPreload/prepare-030/summary-result
22ms,HomeLoanService,HomeLoanWS/doNext/approve-020/credit-limit-detail
565ms,HomeLoanService,HomeLoanWS/doPreload/approve-020/collateral-acting
2170ms,HomeLoanService,HomeLoanWS/doSubmit/prepare-020/loan-info
534ms,HomeLoanService,HomeLoanWS/doPreload/prepare-021/package
662ms,HomeLoanService,HomeLoanWS/doNext/prepare-021/package
488ms,HomeLoanService,HomeLoanWS/doPreload/prepare-021/summary-package
47ms,HomeLoanService,HomeLoanWS/doSave/prepare-030/summary-result
276ms,HomeLoanService,HomeLoanWS/doPreload/prepare-030/income
201ms,HomeLoanService,HomeLoanWS/doPreload/prepare-020/personal-info
147ms,HomeLoanService,HomeLoanWS/doPreload/approve-020/credit-limit-detail
65ms,HomeLoanService,HomeLoanWS/doNavigate/prepare-030
220ms,HomeLoanService,HomeLoanWS/doPreload/prepare-020/income
17ms,HomeLoanService,HomeLoanWS/doSave/approve-020/credit-limit-detail
569ms,HomeLoanService,HomeLoanWS/doPreload/approve-020/collateral-acting
466ms,HomeLoanService,HomeLoanWS/doPreload/prepare-020/income
629ms,HomeLoanService,HomeLoanWS/doPreload/approve-020/collateral-acting
9ms,HomeLoanService,HomeLoanWS/doBack/prepare-020/income
176ms,HomeLoanService,HomeLoanWS/doPreload/prepare-020/personal-info
568ms,HomeLoanService,HomeLoanWS/doPreload/prepare-021/summary-package
139ms,HomeLoanService,HomeLoanWS/doSubmit/prepare-021/summary-package
33ms,HomeLoanService,HomeLoanWS/doPreload/prepare-030/sale-channel
177ms,HomeLoanService,HomeLoanWS/doPreload/prepare-020/income
271ms,HomeLoanService,HomeLoanWS/doNext/prepare-020/income
207ms,HomeLoanService,HomeLoanWS/doPreload/prepare-020/loan-info
143ms,HomeLoanService,HomeLoanWS/doNext/prepare-030/sale-channel
747ms,HomeLoanService,HomeLoanWS/doPreload/prepare-030/summary-result
2125ms,HomeLoanService,HomeLoanWS/doSubmit/prepare-020/loan-info
292ms,HomeLoanService,HomeLoanWS/doPreload/prepare-021/package
967ms,HomeLoanService,HomeLoanWS/doSubmit/prepare-030/summary-result
896ms,HomeLoanService,HomeLoanWS/doPreload/system-020/summary-result
863ms,HomeLoanService,HomeLoanWS/doNext/prepare-021/package
290ms,HomeLoanService,HomeLoanWS/doPreload/prepare-021/summary-package
279ms,HomeLoanService,HomeLoanWS/doPreload/prepare-021/summary-package
269ms,HomeLoanService,HomeLoanWS/doPreload/prepare-021/summary-package
52ms,HomeLoanService,HomeLoanWS/doSave/approve-020/collateral-acting
223ms,HomeLoanService,HomeLoanWS/doCancel/prepare-020
175ms,HomeLoanService,HomeLoanWS/doPreload/end/cust-info
353ms,HomeLoanService,HomeLoanWS/doPreload/prepare-021/summary-package
34ms,HomeLoanService,HomeLoanWS/doNext/approve-020/collateral-acting
206ms,HomeLoanService,HomeLoanWS/doSubmit/prepare-021/summary-package
142ms,HomeLoanService,HomeLoanWS/doPreload/prepare-030/sale-channel
627ms,HomeLoanService,HomeLoanWS/doPreload/approve-020/debt-exposure
154ms,HomeLoanService,HomeLoanWS/doNext/prepare-030/sale-channel
709ms,HomeLoanService,HomeLoanWS/doPreload/prepare-030/summary-result
629ms,HomeLoanService,HomeLoanWS/doPreload/prepare-020/personal-info
44ms,HomeLoanService,HomeLoanWS/doSave/prepare-030/summary-result
219ms,HomeLoanService,HomeLoanWS/doPreload/prepare-030/income
85ms,HomeLoanService,HomeLoanWS/doNext/approve-020/debt-exposure
682ms,HomeLoanService,HomeLoanWS/doPreload/approve-020/partial-installment
62ms,HomeLoanService,HomeLoanWS/doNext/approve-020/partial-installment
150ms,HomeLoanService,HomeLoanWS/doPreload/approve-020/approve-decision
60ms,HomeLoanService,HomeLoanWS/doNext/approve-020/approve-decision
650ms,HomeLoanService,HomeLoanWS/doPreload/approve-020/approve-summary
167ms,HomeLoanService,HomeLoanWS/doPreload/prepare-020/income
27ms,HomeLoanService,HomeLoanWS/doCancel/prepare-020
177ms,HomeLoanService,HomeLoanWS/doPreload/end/cust-info
24ms,HomeLoanService,HomeLoanWS/doSave/approve-020/approve-summary
49ms,HomeLoanService,HomeLoanWS/doPreload/approve-020/policy-check
32ms,HomeLoanService,HomeLoanWS/doPreload/approve-020/policy-check
1642ms,HomeLoanService,HomeLoanWS/doSubmit/system-011
642ms,HomeLoanService,HomeLoanWS/doPreload/prepare-020/income
526ms,HomeLoanService,HomeLoanWS/doPreload/approve-020/policy-check
216ms,HomeLoanService,HomeLoanWS/doPreload/prepare-012/summary-result
2833ms,HomeLoanService,HomeLoanWS/doNext/prepare-010/cust-info
4ms,HomeLoanService,HomeLoanWS/doPreload/prepare-010/basic-repayment-ability
33ms,HomeLoanService,HomeLoanWS/doSubmit/prepare-012/summary-result
83ms,HomeLoanService,HomeLoanWS/doPreload/prepare-020/personal-info
2860ms,HomeLoanService,HomeLoanWS/doSubmit/prepare-010/basic-repayment-ability
66ms,HomeLoanService,HomeLoanWS/doPreload/prepare-011/summary-result
387ms,HomeLoanService,HomeLoanWS/doSubmit/prepare-011/summary-result
112ms,HomeLoanService,HomeLoanWS/doPreload/system-011/summary-result
85ms,HomeLoanService,HomeLoanWS/doNext/prepare-020/personal-info
94ms,HomeLoanService,HomeLoanWS/doPreload/prepare-020/income
32ms,HomeLoanService,HomeLoanWS/doCancel/prepare-020
630ms,HomeLoanService,HomeLoanWS/doPreload/end/cust-info
77ms,HomeLoanService,HomeLoanWS/doNext/prepare-020/income
62ms,HomeLoanService,HomeLoanWS/doPreload/prepare-020/loan-info
79ms,HomeLoanService,HomeLoanWS/doPreload/prepare-020/income
1435ms,HomeLoanService,HomeLoanWS/doSubmit/prepare-020/loan-info
210ms,HomeLoanService,HomeLoanWS/doPreload/prepare-021/package
78ms,HomeLoanService,HomeLoanWS/doPreload/prepare-020/income
518ms,HomeLoanService,HomeLoanWS/doNext/prepare-021/package
259ms,HomeLoanService,HomeLoanWS/doPreload/prepare-021/summary-package
220ms,HomeLoanService,HomeLoanWS/doPreload/prepare-021/summary-package
1013ms,HomeLoanService,HomeLoanWS/doPreload/prepare-021/summary-package
253ms,HomeLoanService,HomeLoanWS/doPreload/prepare-021/summary-package
131ms,HomeLoanService,HomeLoanWS/doSubmit/prepare-021/summary-package
94ms,HomeLoanService,HomeLoanWS/doPreload/prepare-030/sale-channel
133ms,HomeLoanService,HomeLoanWS/doNext/prepare-030/sale-channel
492ms,HomeLoanService,HomeLoanWS/doPreload/prepare-030/summary-result
691ms,HomeLoanService,HomeLoanWS/doSubmit/prepare-030/summary-result
576ms,HomeLoanService,HomeLoanWS/doPreload/system-013/summary-result
213ms,HomeLoanService,HomeLoanWS/doSubmit/system-020
53ms,HomeLoanService,HomeLoanWS/doSave/approve-020/policy-check
748ms,HomeLoanService,HomeLoanWS/doPreload/approve-020/approve-summary
26ms,HomeLoanService,HomeLoanWS/doCancel/prepare-020
76ms,HomeLoanService,HomeLoanWS/doPreload/end/cust-info
43ms,HomeLoanService,HomeLoanWS/doSave/approve-020/approve-summary
477ms,HomeLoanService,HomeLoanWS/doPreload/approve-020/policy-check
3683ms,HomeLoanService,HomeLoanWS/doSubmit/system-011
76ms,HomeLoanService,HomeLoanWS/doPreload/prepare-020/income
268ms,HomeLoanService,HomeLoanWS/doPreload/prepare-012/summary-result
32ms,HomeLoanService,HomeLoanWS/doSubmit/prepare-012/summary-result
85ms,HomeLoanService,HomeLoanWS/doPreload/prepare-020/personal-info
42ms,HomeLoanService,HomeLoanWS/doSave/approve-020/policy-check
119ms,HomeLoanService,HomeLoanWS/doPreload/approve-020/application-detail
45ms,HomeLoanService,HomeLoanWS/doSave/approve-020/application-detail
506ms,HomeLoanService,HomeLoanWS/doPreload/approve-020/policy-check
47ms,HomeLoanService,HomeLoanWS/doSave/approve-020/policy-check
540ms,HomeLoanService,HomeLoanWS/doPreload/approve-020/verify-document
2690ms,HomeLoanService,HomeLoanWS/doSave/approve-020/verify-document
155ms,HomeLoanService,HomeLoanWS/doPreload/approve-020/collateral-acting
84ms,HomeLoanService,HomeLoanWS/doSave/approve-020/collateral-acting
606ms,HomeLoanService,HomeLoanWS/doPreload/approve-020/relationship
28ms,HomeLoanService,HomeLoanWS/doCancel/prepare-020
77ms,HomeLoanService,HomeLoanWS/doPreload/end/cust-info
65ms,HomeLoanService,HomeLoanWS/doSave/approve-020/relationship
157ms,HomeLoanService,HomeLoanWS/doPreload/approve-020/collateral-acting
73ms,HomeLoanService,HomeLoanWS/doSave/approve-020/collateral-acting
100ms,HomeLoanService,HomeLoanWS/doSave/approve-020/debt-exposure
733ms,HomeLoanService,HomeLoanWS/doPreload/approve-010/verify-document
1196ms,HomeLoanService,HomeLoanWS/doPreload/approve-020/approve-summary
176ms,HomeLoanService,HomeLoanWS/doPreload/prepare-020/income
55ms,HomeLoanService,HomeLoanWS/doSave/approve-020/approve-summary
1162ms,HomeLoanService,HomeLoanWS/doSubmit/approve-020/approve-summary
462ms,HomeLoanService,HomeLoanWS/doPreload/approve-030/policy-check
1136ms,HomeLoanService,HomeLoanWS/doSave/approve-010/verify-document
92ms,HomeLoanService,HomeLoanWS/doPreload/approve-010/application-detail
55ms,HomeLoanService,HomeLoanWS/doReturn2f/approve-010
31ms,HomeLoanService,HomeLoanWS/doPreload/prepare-030/sale-channel
330ms,HomeLoanService,HomeLoanWS/doNext/prepare-020/personal-info
179ms,HomeLoanService,HomeLoanWS/doPreload/prepare-020/income
29ms,HomeLoanService,HomeLoanWS/doCancel/prepare-020
189ms,HomeLoanService,HomeLoanWS/doPreload/end/cust-info
82ms,HomeLoanService,HomeLoanWS/doPreload/prepare-020/personal-info
106ms,HomeLoanService,HomeLoanWS/doNext/prepare-020/income
91ms,HomeLoanService,HomeLoanWS/doPreload/prepare-020/loan-info
618ms,HomeLoanService,HomeLoanWS/doPreload/approve-010/verify-document
207ms,HomeLoanService,HomeLoanWS/doPreload/prepare-020/personal-info
637ms,HomeLoanService,HomeLoanWS/doPreload/approve-010/verify-document
1451ms,HomeLoanService,HomeLoanWS/doNext/approve-010/verify-document
306ms,HomeLoanService,HomeLoanWS/doPreload/approve-010/relationship
215ms,HomeLoanService,HomeLoanWS/doPreload/prepare-020/personal-info
606ms,HomeLoanService,HomeLoanWS/doPreload/prepare-020/personal-info
123ms,HomeLoanService,HomeLoanWS/doPreload/approve-010/application-detail
296ms,HomeLoanService,HomeLoanWS/doPreload/approve-010/personal-info
101ms,HomeLoanService,HomeLoanWS/doSave/approve-020/policy-check
19ms,HomeLoanService,HomeLoanWS/doPreload/approve-010/basic-repayment-ability
2258ms,HomeLoanService,HomeLoanWS/doSubmit/prepare-020/loan-info
37ms,HomeLoanService,HomeLoanWS/doSave/approve-010/personal-info
481ms,HomeLoanService,HomeLoanWS/doPreload/prepare-021/package
769ms,HomeLoanService,HomeLoanWS/doSubmit/approve-010/personal-info
309ms,HomeLoanService,HomeLoanWS/doPreload/approve-020/verify-customer
585ms,HomeLoanService,HomeLoanWS/doNext/prepare-021/package
449ms,HomeLoanService,HomeLoanWS/doPreload/prepare-021/summary-package
433ms,HomeLoanService,HomeLoanWS/doPreload/prepare-021/summary-package
438ms,HomeLoanService,HomeLoanWS/doPreload/prepare-021/summary-package
434ms,HomeLoanService,HomeLoanWS/doPreload/prepare-021/summary-package
88ms,HomeLoanService,HomeLoanWS/doSubmit/system-013
14ms,HomeLoanService,HomeLoanWS/doPreload/prepare-030/sale-channel
401ms,HomeLoanService,HomeLoanWS/doPreload/approve-020/verify-customer
125ms,HomeLoanService,HomeLoanWS/doNext/prepare-030/sale-channel
488ms,HomeLoanService,HomeLoanWS/doPreload/prepare-030/summary-result
887ms,HomeLoanService,HomeLoanWS/doSubmit/prepare-030/summary-result
559ms,HomeLoanService,HomeLoanWS/doPreload/system-020/summary-result
210ms,HomeLoanService,HomeLoanWS/doPreload/prepare-012/summary-result
5643ms,HomeLoanService,HomeLoanWS/doNext/approve-020/verify-customer
288ms,HomeLoanService,HomeLoanWS/doPreload/approve-020/verify-hr
2648ms,HomeLoanService,HomeLoanWS/doPreload/prepare-021/summary-package
271ms,HomeLoanService,HomeLoanWS/doPreload/system-011/summary-result
6355ms,HomeLoanService,HomeLoanWS/doNext/approve-020/verify-hr
293ms,HomeLoanService,HomeLoanWS/doPreload/approve-020/verify-website
121ms,HomeLoanService,HomeLoanWS/doSubmit/prepare-021/summary-package
31ms,HomeLoanService,HomeLoanWS/doPreload/prepare-030/sale-channel
1030ms,HomeLoanService,HomeLoanWS/doPreload/prepare-022/summary-package
142ms,HomeLoanService,HomeLoanWS/doSave/prepare-022/summary-package
353ms,HomeLoanService,HomeLoanWS/doPreload/prepare-022/income
5978ms,HomeLoanService,HomeLoanWS/doNext/approve-020/verify-website
493ms,HomeLoanService,HomeLoanWS/doPreload/approve-020/verify-income
157ms,HomeLoanService,HomeLoanWS/doPreload/prepare-022/loan-info
152ms,HomeLoanService,HomeLoanWS/doNext/prepare-030/sale-channel
1049ms,HomeLoanService,HomeLoanWS/doPreload/prepare-030/summary-result
41ms,HomeLoanService,HomeLoanWS/doNavigate/prepare-022
151ms,HomeLoanService,HomeLoanWS/doPreload/prepare-020/loan-info
48ms,HomeLoanService,HomeLoanWS/doNext/approve-020/verify-income
350ms,HomeLoanService,HomeLoanWS/doPreload/approve-020/verify-summary
5703ms,HomeLoanService,HomeLoanWS/doNext/approve-020/verify-summary
350ms,HomeLoanService,HomeLoanWS/doPreload/approve-020/relationship
17ms,HomeLoanService,HomeLoanWS/doBack/approve-020/relationship
5865ms,HomeLoanService,HomeLoanWS/doNext/approve-020/verify-summary
121ms,HomeLoanService,HomeLoanWS/doPreload/system-011/summary-result
400ms,HomeLoanService,HomeLoanWS/doPreload/prepare-021/package
16ms,HomeLoanService,HomeLoanWS/doBack/prepare-021/package
318ms,HomeLoanService,HomeLoanWS/doPreload/prepare-021/loan-info
80ms,HomeLoanService,HomeLoanWS/doPreload/prepare-020/personal-info
30ms,HomeLoanService,HomeLoanWS/doNext/approve-020/relationship
165ms,HomeLoanService,HomeLoanWS/doPreload/approve-020/credit-exposure
25ms,HomeLoanService,HomeLoanWS/doNext/approve-020/credit-exposure
198ms,HomeLoanService,HomeLoanWS/doPreload/approve-020/credit-limit-detail
24ms,HomeLoanService,HomeLoanWS/doNavigate/prepare-021
327ms,HomeLoanService,HomeLoanWS/doPreload/prepare-020/loan-info
29ms,HomeLoanService,HomeLoanWS/doNext/approve-020/credit-limit-detail
817ms,HomeLoanService,HomeLoanWS/doPreload/approve-020/collateral-acting
78ms,HomeLoanService,HomeLoanWS/doPreload/prepare-020/personal-info
420ms,HomeLoanService,HomeLoanWS/doNext/prepare-020/personal-info
184ms,HomeLoanService,HomeLoanWS/doPreload/prepare-020/income
189ms,HomeLoanService,HomeLoanWS/doPreload/approve-020/credit-limit-detail
20ms,HomeLoanService,HomeLoanWS/doNext/approve-020/credit-limit-detail
853ms,HomeLoanService,HomeLoanWS/doPreload/approve-020/collateral-acting
349ms,HomeLoanService,HomeLoanWS/doPreload/prepare-020/loan-info
755ms,HomeLoanService,HomeLoanWS/doPreload/approve-020/collateral-acting
101ms,HomeLoanService,HomeLoanWS/doNext/prepare-020/income
442ms,HomeLoanService,HomeLoanWS/doPreload/prepare-020/loan-info
39ms,HomeLoanService,HomeLoanWS/doSave/approve-020/collateral-acting
41ms,HomeLoanService,HomeLoanWS/doNext/approve-020/collateral-acting
766ms,HomeLoanService,HomeLoanWS/doPreload/approve-020/debt-exposure
163ms,HomeLoanService,HomeLoanWS/doNext/approve-020/debt-exposure
1088ms,HomeLoanService,HomeLoanWS/doPreload/approve-020/partial-installment
82ms,HomeLoanService,HomeLoanWS/doNext/approve-020/partial-installment
150ms,HomeLoanService,HomeLoanWS/doPreload/approve-020/approve-decision
65ms,HomeLoanService,HomeLoanWS/doNext/approve-020/approve-decision
814ms,HomeLoanService,HomeLoanWS/doPreload/approve-020/approve-summary
45ms,HomeLoanService,HomeLoanWS/doSave/approve-020/approve-summary
47ms,HomeLoanService,HomeLoanWS/doPreload/approve-020/policy-check
56ms,HomeLoanService,HomeLoanWS/doPreload/approve-020/policy-check
2834ms,HomeLoanService,HomeLoanWS/doNext/prepare-010/cust-info
5ms,HomeLoanService,HomeLoanWS/doPreload/prepare-010/basic-repayment-ability
563ms,HomeLoanService,HomeLoanWS/doPreload/approve-020/policy-check
99ms,HomeLoanService,HomeLoanWS/doSave/approve-020/policy-check
1028ms,HomeLoanService,HomeLoanWS/doPreload/approve-020/approve-summary
90ms,HomeLoanService,HomeLoanWS/doSave/approve-020/approve-summary
1722ms,HomeLoanService,HomeLoanWS/doPreload/approve-020/approve-decision
422ms,HomeLoanService,HomeLoanWS/doSave/approve-020/approve-decision
500ms,HomeLoanService,HomeLoanWS/doPreload/approve-020/policy-check
77ms,HomeLoanService,HomeLoanWS/doSave/approve-020/policy-check
626ms,HomeLoanService,HomeLoanWS/doPreload/approve-020/verify-document
3821ms,HomeLoanService,HomeLoanWS/doSave/approve-020/verify-document
158ms,HomeLoanService,HomeLoanWS/doPreload/approve-020/application-detail
250ms,HomeLoanService,HomeLoanWS/doSave/approve-020/application-detail
3158ms,HomeLoanService,HomeLoanWS/doSubmit/prepare-010/basic-repayment-ability
1425ms,HomeLoanService,HomeLoanWS/doSubmit/approve-020/application-detail
74ms,HomeLoanService,HomeLoanWS/doPreload/prepare-011/summary-result
616ms,HomeLoanService,HomeLoanWS/doPreload/approve-030/policy-check
394ms,HomeLoanService,HomeLoanWS/doSubmit/prepare-011/summary-result
110ms,HomeLoanService,HomeLoanWS/doPreload/system-011/summary-result
79ms,HomeLoanService,HomeLoanWS/doSave/approve-030/policy-check
1114ms,HomeLoanService,HomeLoanWS/doPreload/approve-030/partial-installment
126ms,HomeLoanService,HomeLoanWS/doSave/approve-030/partial-installment
1715ms,HomeLoanService,HomeLoanWS/doPreload/approve-030/approve-decision
464ms,HomeLoanService,HomeLoanWS/doNext/approve-030/approve-decision
966ms,HomeLoanService,HomeLoanWS/doPreload/approve-030/approve-summary
94ms,HomeLoanService,HomeLoanWS/doSave/approve-020/relationship
864ms,HomeLoanService,HomeLoanWS/doPreload/approve-020/policy-check
100ms,HomeLoanService,HomeLoanWS/doSave/approve-020/policy-check
8702ms,HomeLoanService,HomeLoanWS/doSave/approve-020/verify-customer
845ms,HomeLoanService,HomeLoanWS/doPreload/approve-020/verify-document
2337ms,HomeLoanService,HomeLoanWS/doNext/approve-020/verify-document
8648ms,HomeLoanService,HomeLoanWS/doNext/approve-020/verify-customer
546ms,HomeLoanService,HomeLoanWS/doPreload/approve-020/verify-hr
53ms,HomeLoanService,HomeLoanWS/doSave/prepare-030/summary-result
216ms,HomeLoanService,HomeLoanWS/doPreload/prepare-030/personal-info
128ms,HomeLoanService,HomeLoanWS/doPreload/approve-030/application-detail
15ms,HomeLoanService,HomeLoanWS/doSave/approve-030/application-detail
399ms,HomeLoanService,HomeLoanWS/doPreload/approve-030/policy-check
168ms,HomeLoanService,HomeLoanWS/doSave/approve-030/policy-check
1745ms,HomeLoanService,HomeLoanWS/doPreload/approve-030/partial-installment
275ms,HomeLoanService,HomeLoanWS/doSave/approve-030/partial-installment
9015ms,HomeLoanService,HomeLoanWS/doNext/approve-020/verify-hr
4883ms,HomeLoanService,HomeLoanWS/doPreload/approve-030/approve-decision
643ms,HomeLoanService,HomeLoanWS/doPreload/approve-020/verify-website
130ms,HomeLoanService,HomeLoanWS/doSave/approve-030/approve-decision
329ms,HomeLoanService,HomeLoanWS/doPreload/approve-030/approve-summary
38ms,HomeLoanService,HomeLoanWS/doSave/approve-030/approve-summary
825ms,HomeLoanService,HomeLoanWS/doPreload/approve-030/approve-decision
127ms,HomeLoanService,HomeLoanWS/doSave/approve-030/approve-decision
334ms,HomeLoanService,HomeLoanWS/doPreload/approve-030/approve-summary
39ms,HomeLoanService,HomeLoanWS/doSave/approve-030/approve-summary
38ms,HomeLoanService,HomeLoanWS/doSave/approve-030/application-detail
448ms,HomeLoanService,HomeLoanWS/doPreload/approve-030/verify-document
2331ms,HomeLoanService,HomeLoanWS/doNext/approve-030/verify-document
122ms,HomeLoanService,HomeLoanWS/doPreload/approve-030/verify-customer
62ms,HomeLoanService,HomeLoanWS/doNavigate/prepare-030
651ms,HomeLoanService,HomeLoanWS/doPreload/prepare-020/personal-info
3017ms,HomeLoanService,HomeLoanWS/doNext/approve-030/verify-customer
121ms,HomeLoanService,HomeLoanWS/doPreload/approve-030/verify-hr
320ms,HomeLoanService,HomeLoanWS/doNext/prepare-020/personal-info
210ms,HomeLoanService,HomeLoanWS/doPreload/prepare-020/income
2953ms,HomeLoanService,HomeLoanWS/doNext/approve-030/verify-hr
110ms,HomeLoanService,HomeLoanWS/doPreload/approve-030/verify-website
142ms,HomeLoanService,HomeLoanWS/doNext/prepare-020/income
536ms,HomeLoanService,HomeLoanWS/doPreload/prepare-020/loan-info
2964ms,HomeLoanService,HomeLoanWS/doSave/approve-030/verify-website
2890ms,HomeLoanService,HomeLoanWS/doNext/approve-030/verify-hr
3287ms,HomeLoanService,HomeLoanWS/doNext/approve-030/verify-website
664ms,HomeLoanService,HomeLoanWS/doPreload/approve-030/verify-income
187ms,HomeLoanService,HomeLoanWS/doNext/approve-030/verify-income
8689ms,HomeLoanService,HomeLoanWS/doNext/approve-020/verify-website
143ms,HomeLoanService,HomeLoanWS/doPreload/approve-030/verify-summary
582ms,HomeLoanService,HomeLoanWS/doPreload/approve-020/verify-income
3717ms,HomeLoanService,HomeLoanWS/doNext/approve-030/verify-summary
125ms,HomeLoanService,HomeLoanWS/doPreload/approve-030/relationship
4133ms,HomeLoanService,HomeLoanWS/doSubmit/prepare-020/loan-info
659ms,HomeLoanService,HomeLoanWS/doPreload/prepare-021/package
57ms,HomeLoanService,HomeLoanWS/doNext/approve-030/relationship
118ms,HomeLoanService,HomeLoanWS/doPreload/approve-030/credit-exposure
46ms,HomeLoanService,HomeLoanWS/doNext/approve-030/credit-exposure
97ms,HomeLoanService,HomeLoanWS/doPreload/approve-030/credit-limit-detail
1196ms,HomeLoanService,HomeLoanWS/doNext/prepare-021/package
92ms,HomeLoanService,HomeLoanWS/doNext/approve-030/credit-limit-detail
736ms,HomeLoanService,HomeLoanWS/doPreload/prepare-021/summary-package
127ms,HomeLoanService,HomeLoanWS/doPreload/approve-030/collateral-acting
617ms,HomeLoanService,HomeLoanWS/doPreload/prepare-021/summary-package
63ms,HomeLoanService,HomeLoanWS/doNext/approve-030/collateral-acting
146ms,HomeLoanService,HomeLoanWS/doPreload/approve-030/debt-exposure
41ms,HomeLoanService,HomeLoanWS/doBack/approve-030/debt-exposure
702ms,HomeLoanService,HomeLoanWS/doPreload/prepare-021/summary-package
194ms,HomeLoanService,HomeLoanWS/doPreload/approve-030/collateral-acting
623ms,HomeLoanService,HomeLoanWS/doPreload/prepare-021/summary-package
622ms,HomeLoanService,HomeLoanWS/doPreload/prepare-021/summary-package
54ms,HomeLoanService,HomeLoanWS/doSave/approve-030/collateral-acting
1104ms,HomeLoanService,HomeLoanWS/doPreload/approve-030/approve-summary
926ms,HomeLoanService,HomeLoanWS/doPreload/prepare-021/summary-package
595ms,HomeLoanService,HomeLoanWS/doPreload/prepare-021/summary-package
615ms,HomeLoanService,HomeLoanWS/doPreload/prepare-021/summary-package
2173ms,HomeLoanService,HomeLoanWS/doPreload/prepare-021/summary-package
743ms,HomeLoanService,HomeLoanWS/doPreload/prepare-021/summary-package
46ms,HomeLoanService,HomeLoanWS/doSave/approve-030/approve-summary
127ms,HomeLoanService,HomeLoanWS/doSubmit/approve-030/approve-summary
104ms,HomeLoanService,HomeLoanWS/doPreload/approve-055/collateral-acting
341ms,HomeLoanService,HomeLoanWS/doPreload/approve-055/partial-installment
151ms,HomeLoanService,HomeLoanWS/doSubmit/prepare-021/summary-package
52ms,HomeLoanService,HomeLoanWS/doPreload/prepare-030/sale-channel
1217ms,HomeLoanService,HomeLoanWS/doPreload/approve-055/approve-decision
353ms,HomeLoanService,HomeLoanWS/doPreload/approve-055/approve-summary
143ms,HomeLoanService,HomeLoanWS/doPreload/approve-055/debt-exposure
379ms,HomeLoanService,HomeLoanWS/doPreload/approve-055/approve-summary
851ms,HomeLoanService,HomeLoanWS/doPreload/approve-055/approve-decision
160ms,HomeLoanService,HomeLoanWS/doNext/prepare-030/sale-channel
1015ms,HomeLoanService,HomeLoanWS/doPreload/prepare-030/summary-result
556ms,HomeLoanService,HomeLoanWS/doPreload/approve-055/approve-summary
173ms,HomeLoanService,HomeLoanWS/doSubmit/system-020
125ms,HomeLoanService,HomeLoanWS/doNext/approve-020/verify-income
732ms,HomeLoanService,HomeLoanWS/doPreload/approve-020/verify-summary
55ms,HomeLoanService,HomeLoanWS/doSave/prepare-030/summary-result
216ms,HomeLoanService,HomeLoanWS/doPreload/prepare-030/income
1179ms,HomeLoanService,HomeLoanWS/doPreload/approve-055/collateral-acting
283ms,HomeLoanService,HomeLoanWS/doNavigate/prepare-030
8876ms,HomeLoanService,HomeLoanWS/doNext/approve-020/verify-summary
228ms,HomeLoanService,HomeLoanWS/doPreload/prepare-020/income
32ms,HomeLoanService,HomeLoanWS/doSave/approve-055/collateral-acting
379ms,HomeLoanService,HomeLoanWS/doSubmit/approve-055/collateral-acting
493ms,HomeLoanService,HomeLoanWS/doPreload/approve-060/policy-check
172ms,HomeLoanService,HomeLoanWS/doPreload/prepare-020/income
138ms,HomeLoanService,HomeLoanWS/doNext/prepare-020/income
541ms,HomeLoanService,HomeLoanWS/doPreload/prepare-020/loan-info
325ms,HomeLoanService,HomeLoanWS/doPreload/approve-060/policy-check
29ms,HomeLoanService,HomeLoanWS/doSave/approve-060/policy-check
334ms,HomeLoanService,HomeLoanWS/doPreload/approve-060/partial-installment
68ms,HomeLoanService,HomeLoanWS/doSave/approve-060/partial-installment
335ms,HomeLoanService,HomeLoanWS/doPreload/approve-060/approve-summary
2409ms,HomeLoanService,HomeLoanWS/doSubmit/prepare-020/loan-info
591ms,HomeLoanService,HomeLoanWS/doPreload/prepare-021/package
1255ms,HomeLoanService,HomeLoanWS/doNext/prepare-021/package
629ms,HomeLoanService,HomeLoanWS/doPreload/prepare-021/summary-package
632ms,HomeLoanService,HomeLoanWS/doPreload/prepare-021/summary-package
612ms,HomeLoanService,HomeLoanWS/doPreload/prepare-021/summary-package
654ms,HomeLoanService,HomeLoanWS/doPreload/prepare-021/summary-package
609ms,HomeLoanService,HomeLoanWS/doPreload/prepare-021/summary-package
639ms,HomeLoanService,HomeLoanWS/doPreload/prepare-021/summary-package
608ms,HomeLoanService,HomeLoanWS/doPreload/prepare-021/summary-package
775ms,HomeLoanService,HomeLoanWS/doPreload/prepare-021/summary-package
173ms,HomeLoanService,HomeLoanWS/doPreload/prepare-020/income
155ms,HomeLoanService,HomeLoanWS/doSubmit/prepare-021/summary-package
186ms,HomeLoanService,HomeLoanWS/doPreload/prepare-030/sale-channel
1670ms,HomeLoanService,HomeLoanWS/doPreload/approve-030/approve-decision
209ms,HomeLoanService,HomeLoanWS/doSave/approve-030/approve-decision
375ms,HomeLoanService,HomeLoanWS/doPreload/approve-030/approve-summary
30ms,HomeLoanService,HomeLoanWS/doSave/approve-030/approve-summary
662ms,HomeLoanService,HomeLoanWS/doPreload/approve-030/policy-check
51ms,HomeLoanService,HomeLoanWS/doSave/approve-030/policy-check
143ms,HomeLoanService,HomeLoanWS/doPreload/approve-030/application-detail
49ms,HomeLoanService,HomeLoanWS/doSave/approve-030/application-detail
835ms,HomeLoanService,HomeLoanWS/doPreload/approve-030/verify-document
170ms,HomeLoanService,HomeLoanWS/doNext/prepare-030/sale-channel
1965ms,HomeLoanService,HomeLoanWS/doPreload/prepare-030/summary-result
7624ms,HomeLoanService,HomeLoanWS/doNext/approve-030/verify-document
633ms,HomeLoanService,HomeLoanWS/doPreload/approve-030/verify-customer
8730ms,HomeLoanService,HomeLoanWS/doNext/approve-030/verify-customer
632ms,HomeLoanService,HomeLoanWS/doPreload/approve-030/verify-hr
8654ms,HomeLoanService,HomeLoanWS/doNext/approve-030/verify-hr
611ms,HomeLoanService,HomeLoanWS/doPreload/approve-030/verify-website
8625ms,HomeLoanService,HomeLoanWS/doNext/approve-030/verify-website
404ms,HomeLoanService,HomeLoanWS/doPreload/approve-030/verify-income
30ms,HomeLoanService,HomeLoanWS/doNext/prepare-010/cust-info
4ms,HomeLoanService,HomeLoanWS/doPreload/prepare-010/basic-repayment-ability
95ms,HomeLoanService,HomeLoanWS/doNext/approve-030/verify-income
687ms,HomeLoanService,HomeLoanWS/doPreload/approve-030/verify-summary
9547ms,HomeLoanService,HomeLoanWS/doNext/approve-030/verify-summary
786ms,HomeLoanService,HomeLoanWS/doPreload/approve-030/relationship
84ms,HomeLoanService,HomeLoanWS/doNext/approve-030/relationship
325ms,HomeLoanService,HomeLoanWS/doPreload/approve-030/credit-exposure
65ms,HomeLoanService,HomeLoanWS/doNext/approve-030/credit-exposure
119ms,HomeLoanService,HomeLoanWS/doPreload/approve-030/credit-limit-detail
98ms,HomeLoanService,HomeLoanWS/doNext/approve-020/relationship
311ms,HomeLoanService,HomeLoanWS/doPreload/approve-020/credit-exposure
100ms,HomeLoanService,HomeLoanWS/doNext/approve-030/credit-limit-detail
165ms,HomeLoanService,HomeLoanWS/doPreload/approve-030/collateral-acting
110ms,HomeLoanService,HomeLoanWS/doNext/approve-020/credit-exposure
161ms,HomeLoanService,HomeLoanWS/doPreload/approve-020/credit-limit-detail
96ms,HomeLoanService,HomeLoanWS/doNext/approve-030/collateral-acting
426ms,HomeLoanService,HomeLoanWS/doPreload/approve-030/debt-exposure
115ms,HomeLoanService,HomeLoanWS/doNext/approve-020/credit-limit-detail
191ms,HomeLoanService,HomeLoanWS/doPreload/approve-020/collateral-acting
87ms,HomeLoanService,HomeLoanWS/doNext/approve-030/debt-exposure
500ms,HomeLoanService,HomeLoanWS/doPreload/approve-030/partial-installment
80ms,HomeLoanService,HomeLoanWS/doSubmit/prepare-010/basic-repayment-ability
68ms,HomeLoanService,HomeLoanWS/doPreload/prepare-011/summary-result
132ms,HomeLoanService,HomeLoanWS/doNext/approve-030/partial-installment
2071ms,HomeLoanService,HomeLoanWS/doPreload/approve-030/approve-decision
358ms,HomeLoanService,HomeLoanWS/doSubmit/prepare-011/summary-result
250ms,HomeLoanService,HomeLoanWS/doPreload/system-011/summary-result
287ms,HomeLoanService,HomeLoanWS/doNext/approve-030/approve-decision
593ms,HomeLoanService,HomeLoanWS/doPreload/approve-030/approve-summary
76ms,HomeLoanService,HomeLoanWS/doSave/approve-030/approve-summary
284ms,HomeLoanService,HomeLoanWS/doSubmit/approve-030/approve-summary
162ms,HomeLoanService,HomeLoanWS/doPreload/approve-055/collateral-acting
112ms,HomeLoanService,HomeLoanWS/doSave/approve-020/collateral-acting
112ms,HomeLoanService,HomeLoanWS/doPreload/system-011/summary-result
489ms,HomeLoanService,HomeLoanWS/doPreload/approve-055/partial-installment
110ms,HomeLoanService,HomeLoanWS/doSave/approve-020/collateral-acting
936ms,HomeLoanService,HomeLoanWS/doPreload/approve-055/approve-summary
107ms,HomeLoanService,HomeLoanWS/doNext/approve-020/collateral-acting
731ms,HomeLoanService,HomeLoanWS/doPreload/approve-020/debt-exposure
115ms,HomeLoanService,HomeLoanWS/doPreload/system-011/summary-result
201ms,HomeLoanService,HomeLoanWS/doNext/approve-020/debt-exposure
618ms,HomeLoanService,HomeLoanWS/doPreload/approve-020/partial-installment
148ms,HomeLoanService,HomeLoanWS/doNext/approve-020/partial-installment
2098ms,HomeLoanService,HomeLoanWS/doPreload/approve-020/approve-decision
47ms,HomeLoanService,HomeLoanWS/doBack/prepare-030/summary-result
111ms,HomeLoanService,HomeLoanWS/doPreload/prepare-030/sale-channel
280ms,HomeLoanService,HomeLoanWS/doNext/approve-020/approve-decision
606ms,HomeLoanService,HomeLoanWS/doPreload/approve-020/approve-summary
62ms,HomeLoanService,HomeLoanWS/doBack/prepare-030/sale-channel
749ms,HomeLoanService,HomeLoanWS/doPreload/prepare-030/summary-package
276ms,HomeLoanService,HomeLoanWS/doPreload/approve-055/collateral-acting
541ms,HomeLoanService,HomeLoanWS/doPreload/prepare-030/loan-info
214ms,HomeLoanService,HomeLoanWS/doPreload/prepare-030/income
200ms,HomeLoanService,HomeLoanWS/doPreload/prepare-030/personal-info
31ms,HomeLoanService,HomeLoanWS/doNext/approve-055/collateral-acting
294ms,HomeLoanService,HomeLoanWS/doPreload/approve-055/debt-exposure
486ms,HomeLoanService,HomeLoanWS/doPreload/approve-030/policy-check
14ms,HomeLoanService,HomeLoanWS/doSave/approve-055/debt-exposure
42ms,HomeLoanService,HomeLoanWS/doSubmit/approve-055/debt-exposure
605ms,HomeLoanService,HomeLoanWS/doPreload/approve-060/policy-check
578ms,HomeLoanService,HomeLoanWS/doPreload/approve-060/policy-check
44ms,HomeLoanService,HomeLoanWS/doSave/approve-060/policy-check
415ms,HomeLoanService,HomeLoanWS/doPreload/approve-060/partial-installment
82ms,HomeLoanService,HomeLoanWS/doSave/approve-060/partial-installment
415ms,HomeLoanService,HomeLoanWS/doPreload/approve-060/approve-summary
55ms,HomeLoanService,HomeLoanWS/doNavigate/prepare-030
209ms,HomeLoanService,HomeLoanWS/doPreload/prepare-020/personal-info
390ms,HomeLoanService,HomeLoanWS/doNext/prepare-020/personal-info
205ms,HomeLoanService,HomeLoanWS/doPreload/prepare-020/income
128ms,HomeLoanService,HomeLoanWS/doNext/prepare-020/income
525ms,HomeLoanService,HomeLoanWS/doPreload/prepare-020/loan-info
2359ms,HomeLoanService,HomeLoanWS/doSubmit/prepare-020/loan-info
584ms,HomeLoanService,HomeLoanWS/doPreload/prepare-021/package
1283ms,HomeLoanService,HomeLoanWS/doNext/prepare-021/package
654ms,HomeLoanService,HomeLoanWS/doPreload/prepare-021/summary-package
621ms,HomeLoanService,HomeLoanWS/doPreload/prepare-021/summary-package
623ms,HomeLoanService,HomeLoanWS/doPreload/prepare-021/summary-package
633ms,HomeLoanService,HomeLoanWS/doPreload/prepare-021/summary-package
639ms,HomeLoanService,HomeLoanWS/doPreload/prepare-021/summary-package
645ms,HomeLoanService,HomeLoanWS/doPreload/prepare-021/summary-package
624ms,HomeLoanService,HomeLoanWS/doPreload/prepare-021/summary-package
610ms,HomeLoanService,HomeLoanWS/doPreload/prepare-021/summary-package
693ms,HomeLoanService,HomeLoanWS/doPreload/prepare-021/summary-package
2374ms,HomeLoanService,HomeLoanWS/doPreload/prepare-021/summary-package
932ms,HomeLoanService,HomeLoanWS/doPreload/prepare-021/summary-package
153ms,HomeLoanService,HomeLoanWS/doSubmit/prepare-021/summary-package
55ms,HomeLoanService,HomeLoanWS/doPreload/prepare-030/sale-channel
164ms,HomeLoanService,HomeLoanWS/doNext/prepare-030/sale-channel
1015ms,HomeLoanService,HomeLoanWS/doPreload/prepare-030/summary-result
47ms,HomeLoanService,HomeLoanWS/doBack/prepare-030/summary-result
62ms,HomeLoanService,HomeLoanWS/doPreload/prepare-030/sale-channel
56ms,HomeLoanService,HomeLoanWS/doBack/prepare-030/sale-channel
744ms,HomeLoanService,HomeLoanWS/doPreload/prepare-030/summary-package
547ms,HomeLoanService,HomeLoanWS/doPreload/prepare-030/loan-info
210ms,HomeLoanService,HomeLoanWS/doPreload/prepare-030/income
58ms,HomeLoanService,HomeLoanWS/doNavigate/prepare-030
206ms,HomeLoanService,HomeLoanWS/doPreload/prepare-020/income
123ms,HomeLoanService,HomeLoanWS/doNext/prepare-020/income
522ms,HomeLoanService,HomeLoanWS/doPreload/prepare-020/loan-info
2356ms,HomeLoanService,HomeLoanWS/doSubmit/prepare-020/loan-info
591ms,HomeLoanService,HomeLoanWS/doPreload/prepare-021/package
1344ms,HomeLoanService,HomeLoanWS/doNext/prepare-021/package
643ms,HomeLoanService,HomeLoanWS/doPreload/prepare-021/summary-package
624ms,HomeLoanService,HomeLoanWS/doPreload/prepare-021/summary-package
630ms,HomeLoanService,HomeLoanWS/doPreload/prepare-021/summary-package
730ms,HomeLoanService,HomeLoanWS/doPreload/prepare-021/summary-package
625ms,HomeLoanService,HomeLoanWS/doPreload/prepare-021/summary-package
637ms,HomeLoanService,HomeLoanWS/doPreload/prepare-021/summary-package
633ms,HomeLoanService,HomeLoanWS/doPreload/prepare-021/summary-package
624ms,HomeLoanService,HomeLoanWS/doPreload/prepare-021/summary-package
631ms,HomeLoanService,HomeLoanWS/doPreload/prepare-021/summary-package
949ms,HomeLoanService,HomeLoanWS/doPreload/prepare-021/summary-package
2333ms,HomeLoanService,HomeLoanWS/doPreload/prepare-021/summary-package
736ms,HomeLoanService,HomeLoanWS/doPreload/prepare-021/summary-package
146ms,HomeLoanService,HomeLoanWS/doSubmit/prepare-021/summary-package
73ms,HomeLoanService,HomeLoanWS/doPreload/prepare-030/sale-channel
165ms,HomeLoanService,HomeLoanWS/doNext/prepare-030/sale-channel
1047ms,HomeLoanService,HomeLoanWS/doPreload/prepare-030/summary-result
33ms,HomeLoanService,HomeLoanWS/doSave/approve-030/policy-check
99ms,HomeLoanService,HomeLoanWS/doPreload/approve-030/application-detail
630ms,HomeLoanService,HomeLoanWS/doPreload/approve-030/policy-check
17ms,HomeLoanService,HomeLoanWS/doPreload/prepare-030/sale-channel
3143ms,HomeLoanService,HomeLoanWS/doNext/prepare-010/cust-info
4ms,HomeLoanService,HomeLoanWS/doPreload/prepare-010/basic-repayment-ability
2856ms,HomeLoanService,HomeLoanWS/doSubmit/prepare-010/basic-repayment-ability
71ms,HomeLoanService,HomeLoanWS/doPreload/prepare-011/summary-result
495ms,HomeLoanService,HomeLoanWS/doSubmit/prepare-011/summary-result
115ms,HomeLoanService,HomeLoanWS/doPreload/system-011/summary-result
1009ms,HomeLoanService,HomeLoanWS/doPreload/prepare-030/summary-result
38ms,HomeLoanService,HomeLoanWS/doSave/prepare-030/summary-result
203ms,HomeLoanService,HomeLoanWS/doPreload/prepare-030/personal-info
62ms,HomeLoanService,HomeLoanWS/doNavigate/prepare-030
207ms,HomeLoanService,HomeLoanWS/doPreload/prepare-020/personal-info
601ms,HomeLoanService,HomeLoanWS/doNext/prepare-020/personal-info
202ms,HomeLoanService,HomeLoanWS/doPreload/prepare-020/income
126ms,HomeLoanService,HomeLoanWS/doNext/prepare-020/income
242ms,HomeLoanService,HomeLoanWS/doPreload/prepare-020/loan-info
2145ms,HomeLoanService,HomeLoanWS/doSubmit/prepare-020/loan-info
307ms,HomeLoanService,HomeLoanWS/doPreload/prepare-021/package
811ms,HomeLoanService,HomeLoanWS/doNext/prepare-021/package
324ms,HomeLoanService,HomeLoanWS/doPreload/prepare-021/summary-package
327ms,HomeLoanService,HomeLoanWS/doPreload/prepare-021/summary-package
319ms,HomeLoanService,HomeLoanWS/doPreload/prepare-021/summary-package
320ms,HomeLoanService,HomeLoanWS/doPreload/prepare-021/summary-package
351ms,HomeLoanService,HomeLoanWS/doPreload/prepare-021/summary-package
343ms,HomeLoanService,HomeLoanWS/doPreload/prepare-021/summary-package
344ms,HomeLoanService,HomeLoanWS/doPreload/prepare-021/summary-package
435ms,HomeLoanService,HomeLoanWS/doPreload/prepare-021/summary-package
156ms,HomeLoanService,HomeLoanWS/doSubmit/prepare-021/summary-package
78ms,HomeLoanService,HomeLoanWS/doPreload/prepare-030/sale-channel
162ms,HomeLoanService,HomeLoanWS/doNext/prepare-030/sale-channel
722ms,HomeLoanService,HomeLoanWS/doPreload/prepare-030/summary-result
2763ms,HomeLoanService,HomeLoanWS/doNext/prepare-010/cust-info
5ms,HomeLoanService,HomeLoanWS/doPreload/prepare-010/basic-repayment-ability
3582ms,HomeLoanService,HomeLoanWS/doSubmit/system-011
2812ms,HomeLoanService,HomeLoanWS/doSubmit/prepare-010/basic-repayment-ability
79ms,HomeLoanService,HomeLoanWS/doPreload/prepare-011/summary-result
525ms,HomeLoanService,HomeLoanWS/doSubmit/prepare-011/summary-result
112ms,HomeLoanService,HomeLoanWS/doPreload/system-011/summary-result
222ms,HomeLoanService,HomeLoanWS/doPreload/prepare-012/summary-result
31ms,HomeLoanService,HomeLoanWS/doSubmit/prepare-012/summary-result
87ms,HomeLoanService,HomeLoanWS/doPreload/prepare-020/personal-info
388ms,HomeLoanService,HomeLoanWS/doNext/prepare-020/personal-info
185ms,HomeLoanService,HomeLoanWS/doPreload/prepare-020/income
103ms,HomeLoanService,HomeLoanWS/doNext/prepare-020/income
98ms,HomeLoanService,HomeLoanWS/doPreload/prepare-020/loan-info
1994ms,HomeLoanService,HomeLoanWS/doSubmit/prepare-020/loan-info
430ms,HomeLoanService,HomeLoanWS/doPreload/prepare-021/package
614ms,HomeLoanService,HomeLoanWS/doNext/prepare-021/package
453ms,HomeLoanService,HomeLoanWS/doPreload/prepare-021/summary-package
432ms,HomeLoanService,HomeLoanWS/doPreload/prepare-021/summary-package
439ms,HomeLoanService,HomeLoanWS/doPreload/prepare-021/summary-package
432ms,HomeLoanService,HomeLoanWS/doPreload/prepare-021/summary-package
443ms,HomeLoanService,HomeLoanWS/doPreload/prepare-021/summary-package
445ms,HomeLoanService,HomeLoanWS/doPreload/prepare-021/summary-package
448ms,HomeLoanService,HomeLoanWS/doPreload/prepare-021/summary-package
437ms,HomeLoanService,HomeLoanWS/doPreload/prepare-021/summary-package
1732ms,HomeLoanService,HomeLoanWS/doPreload/prepare-021/summary-package
599ms,HomeLoanService,HomeLoanWS/doPreload/prepare-021/summary-package
1722ms,HomeLoanService,HomeLoanWS/doPreload/prepare-021/summary-package
1645ms,HomeLoanService,HomeLoanWS/doPreload/prepare-021/summary-package
1713ms,HomeLoanService,HomeLoanWS/doPreload/prepare-021/summary-package
1695ms,HomeLoanService,HomeLoanWS/doPreload/prepare-021/summary-package
718ms,HomeLoanService,HomeLoanWS/doPreload/prepare-021/summary-package
154ms,HomeLoanService,HomeLoanWS/doSubmit/prepare-021/summary-package
34ms,HomeLoanService,HomeLoanWS/doPreload/prepare-030/sale-channel
138ms,HomeLoanService,HomeLoanWS/doNext/prepare-030/sale-channel
1016ms,HomeLoanService,HomeLoanWS/doPreload/prepare-030/summary-result
1190ms,HomeLoanService,HomeLoanWS/doPreload/system-015/approve-result-front
760ms,HomeLoanService,HomeLoanWS/doPreload/post-approve-010/approve-result-front
2386ms,HomeLoanService,HomeLoanWS/doSubmit/system-011
828ms,HomeLoanService,HomeLoanWS/doPreload/post-approve-010/approve-result-front
370ms,HomeLoanService,HomeLoanWS/doPreload/approve-010/verify-document
403ms,HomeLoanService,HomeLoanWS/doPreload/post-approve-010/approve-result-front
832ms,HomeLoanService,HomeLoanWS/doSave/approve-010/verify-document
508ms,HomeLoanService,HomeLoanWS/doSubmit/approve-010/verify-document
90ms,HomeLoanService,HomeLoanWS/doPreload/approve-020/verify-customer
79ms,HomeLoanService,HomeLoanWS/doPreload/approve-020/verify-customer
223ms,HomeLoanService,HomeLoanWS/doPreload/prepare-012/summary-result
568ms,HomeLoanService,HomeLoanWS/doPreload/approve-030/policy-check
31ms,HomeLoanService,HomeLoanWS/doSubmit/prepare-012/summary-result
84ms,HomeLoanService,HomeLoanWS/doPreload/prepare-020/personal-info
2835ms,HomeLoanService,HomeLoanWS/doNext/approve-020/verify-customer
78ms,HomeLoanService,HomeLoanWS/doPreload/approve-020/verify-hr
49ms,HomeLoanService,HomeLoanWS/doSave/approve-030/policy-check
625ms,HomeLoanService,HomeLoanWS/doPreload/approve-030/verify-document
5150ms,HomeLoanService,HomeLoanWS/doNext/approve-030/verify-document
447ms,HomeLoanService,HomeLoanWS/doPreload/approve-030/verify-customer
5746ms,HomeLoanService,HomeLoanWS/doNext/approve-030/verify-customer
457ms,HomeLoanService,HomeLoanWS/doPreload/approve-030/verify-hr
5888ms,HomeLoanService,HomeLoanWS/doNext/approve-030/verify-hr
458ms,HomeLoanService,HomeLoanWS/doPreload/approve-030/verify-website
5963ms,HomeLoanService,HomeLoanWS/doNext/approve-030/verify-website
398ms,HomeLoanService,HomeLoanWS/doPreload/approve-030/verify-income
452ms,HomeLoanService,HomeLoanWS/doNext/prepare-020/personal-info
186ms,HomeLoanService,HomeLoanWS/doPreload/prepare-020/income
502ms,HomeLoanService,HomeLoanWS/doPreload/post-approve-010/approve-summary
807ms,HomeLoanService,HomeLoanWS/doPreload/system-015/approve-result-front
85ms,HomeLoanService,HomeLoanWS/doNext/approve-030/verify-income
463ms,HomeLoanService,HomeLoanWS/doPreload/approve-030/verify-summary
6299ms,HomeLoanService,HomeLoanWS/doNext/approve-030/verify-summary
458ms,HomeLoanService,HomeLoanWS/doPreload/approve-030/relationship
78ms,HomeLoanService,HomeLoanWS/doNext/approve-030/relationship
242ms,HomeLoanService,HomeLoanWS/doPreload/approve-030/credit-exposure
73ms,HomeLoanService,HomeLoanWS/doNext/approve-030/credit-exposure
219ms,HomeLoanService,HomeLoanWS/doPreload/approve-030/credit-limit-detail
764ms,HomeLoanService,HomeLoanWS/doPreload/post-approve-010/approve-result-front
79ms,HomeLoanService,HomeLoanWS/doNext/approve-030/credit-limit-detail
491ms,HomeLoanService,HomeLoanWS/doPreload/approve-030/collateral-acting
1146ms,HomeLoanService,HomeLoanWS/doPreload/system-015/approve-result-front
89ms,HomeLoanService,HomeLoanWS/doSave/approve-030/collateral-acting
826ms,HomeLoanService,HomeLoanWS/doPreload/approve-030/debt-exposure
105ms,HomeLoanService,HomeLoanWS/doNext/prepare-020/income
94ms,HomeLoanService,HomeLoanWS/doPreload/prepare-020/loan-info
120ms,HomeLoanService,HomeLoanWS/doNext/approve-030/debt-exposure
672ms,HomeLoanService,HomeLoanWS/doPreload/approve-030/partial-installment
114ms,HomeLoanService,HomeLoanWS/doNext/approve-030/partial-installment
1872ms,HomeLoanService,HomeLoanWS/doPreload/approve-030/approve-decision
326ms,HomeLoanService,HomeLoanWS/doNext/approve-030/approve-decision
575ms,HomeLoanService,HomeLoanWS/doPreload/approve-030/approve-summary
97ms,HomeLoanService,HomeLoanWS/doSave/approve-030/approve-summary
2070ms,HomeLoanService,HomeLoanWS/doSubmit/prepare-020/loan-info
248ms,HomeLoanService,HomeLoanWS/doPreload/prepare-021/package
2216ms,HomeLoanService,HomeLoanWS/doPreload/approve-030/approve-decision
521ms,HomeLoanService,HomeLoanWS/doNext/prepare-021/package
247ms,HomeLoanService,HomeLoanWS/doPreload/prepare-021/summary-package
275ms,HomeLoanService,HomeLoanWS/doPreload/prepare-021/summary-package
261ms,HomeLoanService,HomeLoanWS/doPreload/prepare-021/summary-package
263ms,HomeLoanService,HomeLoanWS/doPreload/prepare-021/summary-package
263ms,HomeLoanService,HomeLoanWS/doPreload/prepare-021/summary-package
272ms,HomeLoanService,HomeLoanWS/doPreload/prepare-021/summary-package
276ms,HomeLoanService,HomeLoanWS/doPreload/prepare-021/summary-package
338ms,HomeLoanService,HomeLoanWS/doNext/approve-030/approve-decision
574ms,HomeLoanService,HomeLoanWS/doPreload/approve-030/approve-summary
252ms,HomeLoanService,HomeLoanWS/doPreload/prepare-021/summary-package
291ms,HomeLoanService,HomeLoanWS/doPreload/prepare-021/summary-package
272ms,HomeLoanService,HomeLoanWS/doPreload/prepare-021/summary-package
278ms,HomeLoanService,HomeLoanWS/doPreload/prepare-021/summary-package
334ms,HomeLoanService,HomeLoanWS/doPreload/prepare-021/summary-package
92ms,HomeLoanService,HomeLoanWS/doSave/approve-030/approve-summary
662ms,HomeLoanService,HomeLoanWS/doPreload/approve-030/policy-check
139ms,HomeLoanService,HomeLoanWS/doSubmit/prepare-021/summary-package
27ms,HomeLoanService,HomeLoanWS/doPreload/prepare-030/sale-channel
91ms,HomeLoanService,HomeLoanWS/doSave/approve-030/policy-check
126ms,HomeLoanService,HomeLoanWS/doNext/approve-030/debt-exposure
119ms,HomeLoanService,HomeLoanWS/doNext/approve-030/partial-installment
1757ms,HomeLoanService,HomeLoanWS/doPreload/approve-030/approve-decision
357ms,HomeLoanService,HomeLoanWS/doNext/approve-030/approve-decision
602ms,HomeLoanService,HomeLoanWS/doPreload/approve-030/approve-summary
103ms,HomeLoanService,HomeLoanWS/doSave/approve-030/approve-summary
187ms,HomeLoanService,HomeLoanWS/doPreload/approve-030/application-detail
400ms,HomeLoanService,HomeLoanWS/doPreload/system-031/policy-check
150ms,HomeLoanService,HomeLoanWS/doNext/prepare-030/sale-channel
763ms,HomeLoanService,HomeLoanWS/doPreload/prepare-030/summary-result
93ms,HomeLoanService,HomeLoanWS/doPreload/system-031/cust-info
106ms,HomeLoanService,HomeLoanWS/doSave/approve-030/application-detail
207ms,HomeLoanService,HomeLoanWS/doSubmit/approve-030/application-detail
191ms,HomeLoanService,HomeLoanWS/doPreload/approve-055/collateral-acting
56ms,HomeLoanService,HomeLoanWS/doSave/prepare-030/summary-result
250ms,HomeLoanService,HomeLoanWS/doPreload/prepare-030/personal-info
17ms,HomeLoanService,HomeLoanWS/doPreload/system-031/basic-repayment-ability
93ms,HomeLoanService,HomeLoanWS/doPreload/system-031/personal-info
420ms,HomeLoanService,HomeLoanWS/doPreload/approve-055/collateral-acting
632ms,HomeLoanService,HomeLoanWS/doPreload/approve-055/collateral-acting
36ms,HomeLoanService,HomeLoanWS/doSave/approve-055/collateral-acting
30ms,HomeLoanService,HomeLoanWS/doNext/approve-055/collateral-acting
433ms,HomeLoanService,HomeLoanWS/doPreload/approve-055/debt-exposure
14ms,HomeLoanService,HomeLoanWS/doSave/approve-055/debt-exposure
42ms,HomeLoanService,HomeLoanWS/doSubmit/approve-055/debt-exposure
32ms,HomeLoanService,HomeLoanWS/doPreload/approve-060/policy-check
2841ms,HomeLoanService,HomeLoanWS/doNext/approve-020/verify-hr
78ms,HomeLoanService,HomeLoanWS/doPreload/approve-020/verify-website
2830ms,HomeLoanService,HomeLoanWS/doNext/approve-020/verify-website
170ms,HomeLoanService,HomeLoanWS/doPreload/approve-020/verify-income
31ms,HomeLoanService,HomeLoanWS/doNext/approve-020/verify-income
82ms,HomeLoanService,HomeLoanWS/doPreload/approve-020/verify-summary
2856ms,HomeLoanService,HomeLoanWS/doSave/approve-020/verify-summary
378ms,HomeLoanService,HomeLoanWS/doPreload/system-015/cust-info
3037ms,HomeLoanService,HomeLoanWS/doNext/approve-020/verify-customer
2835ms,HomeLoanService,HomeLoanWS/doNext/approve-020/verify-hr
26ms,HomeLoanService,HomeLoanWS/doPreload/approve-060/policy-check
2871ms,HomeLoanService,HomeLoanWS/doNext/approve-020/verify-website
23ms,HomeLoanService,HomeLoanWS/doPreload/approve-060/policy-check
26ms,HomeLoanService,HomeLoanWS/doNext/approve-020/verify-income
2898ms,HomeLoanService,HomeLoanWS/doSave/approve-020/verify-summary
25ms,HomeLoanService,HomeLoanWS/doPreload/approve-020/policy-check
327ms,HomeLoanService,HomeLoanWS/doPreload/approve-060/policy-check
24ms,HomeLoanService,HomeLoanWS/doPreload/approve-020/policy-check
16ms,HomeLoanService,HomeLoanWS/doPreload/prepare-030/sale-channel
128ms,HomeLoanService,HomeLoanWS/doSave/prepare-030/sale-channel
565ms,HomeLoanService,HomeLoanWS/doPreload/prepare-030/summary-package
660ms,HomeLoanService,HomeLoanWS/doPreload/approve-060/policy-check
52ms,HomeLoanService,HomeLoanWS/doSave/approve-060/policy-check
676ms,HomeLoanService,HomeLoanWS/doPreload/approve-060/verify-document
4925ms,HomeLoanService,HomeLoanWS/doPreload/approve-020/policy-check
5349ms,HomeLoanService,HomeLoanWS/doNext/approve-060/verify-document
462ms,HomeLoanService,HomeLoanWS/doPreload/approve-060/verify-customer
5818ms,HomeLoanService,HomeLoanWS/doNext/approve-060/verify-customer
457ms,HomeLoanService,HomeLoanWS/doPreload/approve-060/verify-hr
29ms,HomeLoanService,HomeLoanWS/doSave/approve-020/policy-check
5864ms,HomeLoanService,HomeLoanWS/doNext/approve-020/verify-summary
8694ms,HomeLoanService,HomeLoanWS/doNext/approve-060/verify-hr
282ms,HomeLoanService,HomeLoanWS/doPreload/approve-020/relationship
461ms,HomeLoanService,HomeLoanWS/doPreload/approve-060/verify-website
5749ms,HomeLoanService,HomeLoanWS/doNext/approve-060/verify-website
393ms,HomeLoanService,HomeLoanWS/doPreload/approve-060/verify-income
95ms,HomeLoanService,HomeLoanWS/doNext/approve-060/verify-income
466ms,HomeLoanService,HomeLoanWS/doPreload/approve-060/verify-summary
5784ms,HomeLoanService,HomeLoanWS/doNext/approve-060/verify-summary
470ms,HomeLoanService,HomeLoanWS/doPreload/approve-060/relationship
77ms,HomeLoanService,HomeLoanWS/doNext/approve-060/relationship
229ms,HomeLoanService,HomeLoanWS/doPreload/approve-060/credit-exposure
75ms,HomeLoanService,HomeLoanWS/doNext/approve-060/credit-exposure
193ms,HomeLoanService,HomeLoanWS/doPreload/approve-060/credit-limit-detail
104ms,HomeLoanService,HomeLoanWS/doNext/approve-060/credit-limit-detail
494ms,HomeLoanService,HomeLoanWS/doPreload/approve-060/collateral-acting
89ms,HomeLoanService,HomeLoanWS/doNext/approve-060/collateral-acting
506ms,HomeLoanService,HomeLoanWS/doPreload/approve-060/debt-exposure
129ms,HomeLoanService,HomeLoanWS/doNext/approve-060/debt-exposure
626ms,HomeLoanService,HomeLoanWS/doPreload/approve-060/partial-installment
122ms,HomeLoanService,HomeLoanWS/doNext/approve-060/partial-installment
1779ms,HomeLoanService,HomeLoanWS/doPreload/approve-060/approve-decision
337ms,HomeLoanService,HomeLoanWS/doNext/approve-060/approve-decision
715ms,HomeLoanService,HomeLoanWS/doPreload/approve-060/approve-summary
30ms,HomeLoanService,HomeLoanWS/doSave/approve-020/relationship
348ms,HomeLoanService,HomeLoanWS/doPreload/approve-020/policy-check
28ms,HomeLoanService,HomeLoanWS/doSave/approve-020/policy-check
90ms,HomeLoanService,HomeLoanWS/doSave/approve-060/approve-summary
10468ms,HomeLoanService,HomeLoanWS/doSubmit/approve-060/approve-summary
583ms,HomeLoanService,HomeLoanWS/doPreload/approve-060/approve-summary
140ms,HomeLoanService,HomeLoanWS/doSave/approve-060/approve-summary
2609ms,HomeLoanService,HomeLoanWS/doSubmit/approve-060/approve-summary
606ms,HomeLoanService,HomeLoanWS/doPreload/approve-060/approve-summary
96ms,HomeLoanService,HomeLoanWS/doSave/approve-060/approve-summary
3345ms,HomeLoanService,HomeLoanWS/doNext/prepare-010/cust-info
5ms,HomeLoanService,HomeLoanWS/doPreload/prepare-010/basic-repayment-ability
3736ms,HomeLoanService,HomeLoanWS/doSubmit/approve-060/approve-summary
625ms,HomeLoanService,HomeLoanWS/doPreload/approve-060/approve-summary
2929ms,HomeLoanService,HomeLoanWS/doSubmit/prepare-010/basic-repayment-ability
68ms,HomeLoanService,HomeLoanWS/doPreload/prepare-011/summary-result
382ms,HomeLoanService,HomeLoanWS/doSubmit/prepare-011/summary-result
113ms,HomeLoanService,HomeLoanWS/doPreload/system-011/summary-result
836ms,HomeLoanService,HomeLoanWS/doPreload/approve-030/policy-check
2118ms,HomeLoanService,HomeLoanWS/doSubmit/system-011
45ms,HomeLoanService,HomeLoanWS/doSave/approve-030/policy-check
177ms,HomeLoanService,HomeLoanWS/doPreload/approve-030/application-detail
45ms,HomeLoanService,HomeLoanWS/doSave/approve-030/application-detail
731ms,HomeLoanService,HomeLoanWS/doPreload/approve-030/verify-document
3712ms,HomeLoanService,HomeLoanWS/doNext/approve-030/verify-document
575ms,HomeLoanService,HomeLoanWS/doPreload/approve-030/verify-customer
5975ms,HomeLoanService,HomeLoanWS/doNext/approve-030/verify-customer
634ms,HomeLoanService,HomeLoanWS/doPreload/approve-030/verify-hr
5874ms,HomeLoanService,HomeLoanWS/doNext/approve-030/verify-hr
1582ms,HomeLoanService,HomeLoanWS/doPreload/prepare-012/summary-result
575ms,HomeLoanService,HomeLoanWS/doPreload/approve-030/verify-website
243ms,HomeLoanService,HomeLoanWS/doSubmit/prepare-012/summary-result
366ms,HomeLoanService,HomeLoanWS/doPreload/prepare-020/personal-info
5998ms,HomeLoanService,HomeLoanWS/doNext/approve-030/verify-website
563ms,HomeLoanService,HomeLoanWS/doPreload/approve-030/verify-income
160ms,HomeLoanService,HomeLoanWS/doNext/approve-030/verify-income
569ms,HomeLoanService,HomeLoanWS/doPreload/approve-030/verify-summary
5989ms,HomeLoanService,HomeLoanWS/doNext/approve-030/verify-summary
580ms,HomeLoanService,HomeLoanWS/doPreload/approve-030/relationship
81ms,HomeLoanService,HomeLoanWS/doNext/approve-030/relationship
327ms,HomeLoanService,HomeLoanWS/doPreload/approve-030/credit-exposure
122ms,HomeLoanService,HomeLoanWS/doNext/approve-030/credit-exposure
268ms,HomeLoanService,HomeLoanWS/doPreload/approve-030/credit-limit-detail
98ms,HomeLoanService,HomeLoanWS/doNext/approve-030/credit-limit-detail
1313ms,HomeLoanService,HomeLoanWS/doPreload/approve-030/collateral-acting
100ms,HomeLoanService,HomeLoanWS/doNext/approve-030/collateral-acting
1333ms,HomeLoanService,HomeLoanWS/doPreload/approve-030/debt-exposure
313ms,HomeLoanService,HomeLoanWS/doNext/approve-030/debt-exposure
1560ms,HomeLoanService,HomeLoanWS/doPreload/approve-030/partial-installment
142ms,HomeLoanService,HomeLoanWS/doNext/approve-030/partial-installment
2353ms,HomeLoanService,HomeLoanWS/doPreload/approve-030/approve-decision
323ms,HomeLoanService,HomeLoanWS/doNext/prepare-020/personal-info
181ms,HomeLoanService,HomeLoanWS/doPreload/prepare-020/income
105ms,HomeLoanService,HomeLoanWS/doNext/prepare-020/income
347ms,HomeLoanService,HomeLoanWS/doPreload/prepare-020/loan-info
2024ms,HomeLoanService,HomeLoanWS/doSubmit/prepare-020/loan-info
468ms,HomeLoanService,HomeLoanWS/doPreload/prepare-021/package
177ms,HomeLoanService,HomeLoanWS/doPreload/approve-030/approve-decision
106ms,HomeLoanService,HomeLoanWS/doSave/approve-030/approve-decision
26ms,HomeLoanService,HomeLoanWS/doPreload/approve-030/policy-check
29ms,HomeLoanService,HomeLoanWS/doPreload/approve-030/policy-check
616ms,HomeLoanService,HomeLoanWS/doNext/prepare-021/package
497ms,HomeLoanService,HomeLoanWS/doPreload/prepare-021/summary-package
470ms,HomeLoanService,HomeLoanWS/doPreload/prepare-021/summary-package
466ms,HomeLoanService,HomeLoanWS/doPreload/prepare-021/summary-package
456ms,HomeLoanService,HomeLoanWS/doPreload/prepare-021/summary-package
488ms,HomeLoanService,HomeLoanWS/doPreload/prepare-021/summary-package
501ms,HomeLoanService,HomeLoanWS/doPreload/prepare-021/summary-package
457ms,HomeLoanService,HomeLoanWS/doPreload/prepare-021/summary-package
473ms,HomeLoanService,HomeLoanWS/doPreload/prepare-021/summary-package
478ms,HomeLoanService,HomeLoanWS/doPreload/prepare-021/summary-package
467ms,HomeLoanService,HomeLoanWS/doPreload/prepare-021/summary-package
547ms,HomeLoanService,HomeLoanWS/doPreload/prepare-021/summary-package
460ms,HomeLoanService,HomeLoanWS/doPreload/prepare-021/summary-package
488ms,HomeLoanService,HomeLoanWS/doPreload/prepare-021/summary-package
485ms,HomeLoanService,HomeLoanWS/doPreload/prepare-021/summary-package
464ms,HomeLoanService,HomeLoanWS/doPreload/prepare-021/summary-package
461ms,HomeLoanService,HomeLoanWS/doPreload/prepare-021/summary-package
469ms,HomeLoanService,HomeLoanWS/doPreload/prepare-021/summary-package
463ms,HomeLoanService,HomeLoanWS/doPreload/prepare-021/summary-package
482ms,HomeLoanService,HomeLoanWS/doPreload/prepare-021/summary-package
474ms,HomeLoanService,HomeLoanWS/doPreload/prepare-021/summary-package
476ms,HomeLoanService,HomeLoanWS/doPreload/prepare-021/summary-package
462ms,HomeLoanService,HomeLoanWS/doPreload/prepare-021/summary-package
479ms,HomeLoanService,HomeLoanWS/doPreload/prepare-021/summary-package
463ms,HomeLoanService,HomeLoanWS/doPreload/prepare-021/summary-package
463ms,HomeLoanService,HomeLoanWS/doPreload/prepare-021/summary-package
475ms,HomeLoanService,HomeLoanWS/doPreload/prepare-021/summary-package
479ms,HomeLoanService,HomeLoanWS/doPreload/prepare-021/summary-package
482ms,HomeLoanService,HomeLoanWS/doPreload/prepare-021/summary-package
504ms,HomeLoanService,HomeLoanWS/doPreload/prepare-021/summary-package
463ms,HomeLoanService,HomeLoanWS/doPreload/prepare-021/summary-package
454ms,HomeLoanService,HomeLoanWS/doPreload/prepare-021/summary-package
1701ms,HomeLoanService,HomeLoanWS/doPreload/prepare-021/summary-package
1129ms,HomeLoanService,HomeLoanWS/doPreload/prepare-021/summary-package
1701ms,HomeLoanService,HomeLoanWS/doPreload/prepare-021/summary-package
1694ms,HomeLoanService,HomeLoanWS/doPreload/prepare-021/summary-package
1665ms,HomeLoanService,HomeLoanWS/doPreload/prepare-021/summary-package
1644ms,HomeLoanService,HomeLoanWS/doPreload/prepare-021/summary-package
1684ms,HomeLoanService,HomeLoanWS/doPreload/prepare-021/summary-package
1775ms,HomeLoanService,HomeLoanWS/doPreload/prepare-021/summary-package
641ms,HomeLoanService,HomeLoanWS/doPreload/prepare-021/summary-package
886ms,HomeLoanService,HomeLoanWS/doPreload/prepare-021/summary-package
29ms,HomeLoanService,HomeLoanWS/doPreload/approve-030/policy-check
169ms,HomeLoanService,HomeLoanWS/doSubmit/prepare-021/summary-package
31ms,HomeLoanService,HomeLoanWS/doPreload/prepare-030/sale-channel
23ms,HomeLoanService,HomeLoanWS/doPreload/approve-030/policy-check
24ms,HomeLoanService,HomeLoanWS/doPreload/approve-030/policy-check
147ms,HomeLoanService,HomeLoanWS/doNext/prepare-030/sale-channel
1345ms,HomeLoanService,HomeLoanWS/doPreload/prepare-030/summary-result
27ms,HomeLoanService,HomeLoanWS/doPreload/approve-030/policy-check
24ms,HomeLoanService,HomeLoanWS/doPreload/approve-030/policy-check
57ms,HomeLoanService,HomeLoanWS/doSave/prepare-030/summary-result
577ms,HomeLoanService,HomeLoanWS/doPreload/prepare-030/personal-info
59ms,HomeLoanService,HomeLoanWS/doNavigate/prepare-030
612ms,HomeLoanService,HomeLoanWS/doPreload/prepare-020/personal-info
448ms,HomeLoanService,HomeLoanWS/doNext/prepare-020/personal-info
572ms,HomeLoanService,HomeLoanWS/doPreload/prepare-020/income
391ms,HomeLoanService,HomeLoanWS/doNext/prepare-020/income
831ms,HomeLoanService,HomeLoanWS/doPreload/prepare-020/loan-info
42ms,HomeLoanService,HomeLoanWS/doPreload/approve-030/policy-check
28ms,HomeLoanService,HomeLoanWS/doPreload/approve-030/policy-check
27ms,HomeLoanService,HomeLoanWS/doPreload/approve-030/policy-check
499ms,HomeLoanService,HomeLoanWS/doPreload/approve-030/policy-check
2829ms,HomeLoanService,HomeLoanWS/doSubmit/prepare-020/loan-info
905ms,HomeLoanService,HomeLoanWS/doPreload/prepare-021/package
1598ms,HomeLoanService,HomeLoanWS/doNext/prepare-021/package
914ms,HomeLoanService,HomeLoanWS/doPreload/prepare-021/summary-package
933ms,HomeLoanService,HomeLoanWS/doPreload/prepare-021/summary-package
923ms,HomeLoanService,HomeLoanWS/doPreload/prepare-021/summary-package
900ms,HomeLoanService,HomeLoanWS/doPreload/prepare-021/summary-package
894ms,HomeLoanService,HomeLoanWS/doPreload/prepare-021/summary-package
897ms,HomeLoanService,HomeLoanWS/doPreload/prepare-021/summary-package
893ms,HomeLoanService,HomeLoanWS/doPreload/prepare-021/summary-package
931ms,HomeLoanService,HomeLoanWS/doPreload/prepare-021/summary-package
1619ms,HomeLoanService,HomeLoanWS/doPreload/prepare-021/summary-package
1805ms,HomeLoanService,HomeLoanWS/doPreload/prepare-021/summary-package
1669ms,HomeLoanService,HomeLoanWS/doPreload/prepare-021/summary-package
1595ms,HomeLoanService,HomeLoanWS/doPreload/prepare-021/summary-package
1768ms,HomeLoanService,HomeLoanWS/doPreload/prepare-021/summary-package
1863ms,HomeLoanService,HomeLoanWS/doPreload/prepare-021/summary-package
1646ms,HomeLoanService,HomeLoanWS/doPreload/prepare-021/summary-package
1796ms,HomeLoanService,HomeLoanWS/doPreload/prepare-021/summary-package
1817ms,HomeLoanService,HomeLoanWS/doPreload/approve-060/collateral-acting
2718ms,HomeLoanService,HomeLoanWS/doPreload/prepare-021/summary-package
2365ms,HomeLoanService,HomeLoanWS/doPreload/prepare-021/summary-package
3437ms,HomeLoanService,HomeLoanWS/doPreload/prepare-021/summary-package
2816ms,HomeLoanService,HomeLoanWS/doPreload/prepare-021/summary-package
181ms,HomeLoanService,HomeLoanWS/doNext/approve-060/collateral-acting
3000ms,HomeLoanService,HomeLoanWS/doPreload/prepare-021/summary-package
1229ms,HomeLoanService,HomeLoanWS/doPreload/approve-060/debt-exposure
890ms,HomeLoanService,HomeLoanWS/doPreload/prepare-021/summary-package
207ms,HomeLoanService,HomeLoanWS/doSubmit/prepare-021/summary-package
112ms,HomeLoanService,HomeLoanWS/doPreload/prepare-030/sale-channel
166ms,HomeLoanService,HomeLoanWS/doNext/prepare-030/sale-channel
1193ms,HomeLoanService,HomeLoanWS/doPreload/prepare-030/summary-result
175ms,HomeLoanService,HomeLoanWS/doSubmit/system-031
969ms,HomeLoanService,HomeLoanWS/doSubmit/system-031
64ms,HomeLoanService,HomeLoanWS/doReturn/system-011
1489ms,HomeLoanService,HomeLoanWS/doPreload/prepare-010/cust-info
3455ms,HomeLoanService,HomeLoanWS/doSave/prepare-010/cust-info
121ms,HomeLoanService,HomeLoanWS/doPreload/prepare-010/basic-repayment-ability
406ms,HomeLoanService,HomeLoanWS/doPreload/system-011/summary-result
4229ms,HomeLoanService,HomeLoanWS/doPreload/approve-030/policy-check
1801ms,HomeLoanService,HomeLoanWS/doPreload/approve-055/cust-info
2351ms,HomeLoanService,HomeLoanWS/doPreload/approve-055/approve-summary
1808ms,HomeLoanService,HomeLoanWS/doPreload/prepare-030/summary-result
259ms,HomeLoanService,HomeLoanWS/doPreload/prepare-030/basic-repayment-ability
521ms,HomeLoanService,HomeLoanWS/doPreload/prepare-030/personal-info
491ms,HomeLoanService,HomeLoanWS/doPreload/prepare-030/income
884ms,HomeLoanService,HomeLoanWS/doPreload/approve-060/collateral-acting
403ms,HomeLoanService,HomeLoanWS/doSave/approve-060/collateral-acting
2852ms,HomeLoanService,HomeLoanWS/doPreload/approve-060/partial-installment
674ms,HomeLoanService,HomeLoanWS/doSave/approve-060/partial-installment
1157ms,HomeLoanService,HomeLoanWS/doPreload/approve-060/approve-summary
249ms,HomeLoanService,HomeLoanWS/doSave/approve-060/approve-summary
1001ms,HomeLoanService,HomeLoanWS/doPreload/approve-060/policy-check
197ms,HomeLoanService,HomeLoanWS/doSave/approve-060/policy-check
3177ms,HomeLoanService,HomeLoanWS/doSubmit/approve-060/policy-check
1687ms,HomeLoanService,HomeLoanWS/doPreload/approve-060/policy-check
609ms,HomeLoanService,HomeLoanWS/doPreload/post-approve-010/approve-summary
