5369ms,InboundService,inboundNoHeaderWS/notificationResult
2509ms,InboundService,inboundWS/notificationResult
921ms,InboundService,inboundNoHeaderWS/notificationResult
942ms,InboundService,inboundNoHeaderWS/notificationResult
253ms,InboundService,inboundWS/notificationResult
583ms,InboundService,inboundNoHeaderWS/notificationResult
23651ms,InboundService,inboundNoHeaderWS/notificationResult
1462ms,InboundService,inboundNoHeaderWS/notificationResult
740ms,InboundService,inboundNoHeaderWS/notificationResult
79ms,InboundService,inboundNoHeaderWS/notificationResult
2717ms,InboundService,inboundNoHeaderWS/notificationResult
2081ms,InboundService,inboundNoHeaderWS/notificationResult
3857ms,InboundService,inboundNoHeaderWS/notificationResult
2084ms,InboundService,inboundNoHeaderWS/notificationResult
3431ms,InboundService,inboundNoHeaderWS/notificationResult
8420ms,InboundService,inboundNoHeaderWS/notificationResult
859ms,InboundService,inboundNoHeaderWS/notificationResult
672ms,InboundService,inboundWS/notificationResult
11ms,InboundService,inboundWS/notificationResult
11ms,InboundService,inboundWS/notificationResult
4246ms,InboundService,inboundWS/notificationResult
64ms,InboundService,inboundWS/notificationResult
268ms,InboundService,inboundWS/notificationResult
3344ms,InboundService,inboundWS/notificationResult
2519ms,InboundService,inboundWS/notificationResult
409ms,InboundService,inboundWS/notificationResult
242ms,InboundService,inboundWS/notificationResult
4431ms,InboundService,inboundNoHeaderWS/notificationResult
363ms,InboundService,inboundWS/notificationResult
5073ms,InboundService,inboundWS/notificationResult
4255ms,InboundService,inboundNoHeaderWS/notificationResult
250ms,InboundService,inboundWS/notificationResult
318ms,InboundService,inboundWS/notificationResult
395ms,InboundService,inboundWS/notificationResult
370ms,InboundService,inboundWS/notificationResult
1255ms,InboundService,inboundNoHeaderWS/notificationResult
457ms,InboundService,inboundWS/notificationResult
84ms,InboundService,inboundNoHeaderWS/notificationResult
38497ms,InboundService,inboundNoHeaderWS/notificationResult
466ms,InboundService,inboundWS/notificationResult
3347ms,InboundService,inboundNoHeaderWS/notificationResult
768ms,InboundService,inboundNoHeaderWS/notificationResult
541ms,InboundService,inboundNoHeaderWS/notificationResult
3977ms,InboundService,inboundWS/notificationResult
751ms,InboundService,inboundWS/notificationResult
3641ms,InboundService,inboundWS/notificationResult
7880ms,InboundService,inboundNoHeaderWS/notificationResult
3397ms,InboundService,inboundNoHeaderWS/notificationResult
1830ms,InboundService,inboundWS/notificationResult
258ms,InboundService,inboundWS/notificationResult
554ms,InboundService,inboundNoHeaderWS/notificationResult
10564ms,InboundService,inboundNoHeaderWS/notificationResult
284ms,InboundService,inboundWS/notificationResult
456ms,InboundService,inboundWS/notificationResult
6310ms,InboundService,inboundWS/notificationResult
316ms,InboundService,inboundWS/notificationResult
561ms,InboundService,inboundNoHeaderWS/notificationResult
84ms,InboundService,inboundNoHeaderWS/notificationResult
2608ms,InboundService,inboundWS/notificationResult
3426ms,InboundService,inboundNoHeaderWS/notificationResult
398ms,InboundService,inboundWS/notificationResult
269ms,InboundService,inboundWS/notificationResult
103ms,InboundService,inboundNoHeaderWS/notificationResult
767ms,InboundService,inboundNoHeaderWS/notificationResult
5779ms,InboundService,inboundWS/notificationResult
10276ms,InboundService,inboundNoHeaderWS/notificationResult
1244ms,InboundService,inboundNoHeaderWS/notificationResult
12170ms,InboundService,inboundNoHeaderWS/notificationResult
348ms,InboundService,inboundWS/notificationResult
1969ms,InboundService,inboundWS/notificationResult
285ms,InboundService,inboundWS/notificationResult
11197ms,InboundService,inboundNoHeaderWS/notificationResult
4255ms,InboundService,inboundWS/notificationResult
153ms,InboundService,inboundNoHeaderWS/notificationResult
6253ms,InboundService,inboundWS/notificationResult
781ms,InboundService,inboundNoHeaderWS/notificationResult
9521ms,InboundService,inboundNoHeaderWS/notificationResult
737ms,InboundService,inboundNoHeaderWS/notificationResult
11513ms,InboundService,inboundNoHeaderWS/notificationResult
8939ms,InboundService,inboundNoHeaderWS/notificationResult
303ms,InboundService,inboundWS/notificationResult
4225ms,InboundService,inboundWS/notificationResult
312ms,InboundService,inboundWS/notificationResult
3851ms,InboundService,inboundNoHeaderWS/notificationResult
128ms,InboundService,inboundNoHeaderWS/notificationResult
3489ms,InboundService,inboundWS/notificationResult
5524ms,InboundService,inboundWS/notificationResult
5671ms,InboundService,inboundWS/notificationResult
785ms,InboundService,inboundNoHeaderWS/notificationResult
2463ms,InboundService,inboundWS/notificationResult
1103ms,InboundService,inboundNoHeaderWS/notificationResult
5367ms,InboundService,inboundNoHeaderWS/notificationResult
7896ms,InboundService,inboundNoHeaderWS/notificationResult
4434ms,InboundService,inboundNoHeaderWS/notificationResult
4478ms,InboundService,inboundNoHeaderWS/notificationResult
3537ms,InboundService,inboundNoHeaderWS/notificationResult
3744ms,InboundService,inboundNoHeaderWS/notificationResult
35142ms,InboundService,inboundNoHeaderWS/notificationResult
457ms,InboundService,inboundWS/notificationResult
3718ms,InboundService,inboundWS/notificationResult
359ms,InboundService,inboundWS/notificationResult
746ms,InboundService,inboundNoHeaderWS/notificationResult
3185ms,InboundService,inboundWS/notificationResult
343ms,InboundService,inboundWS/notificationResult
755ms,InboundService,inboundNoHeaderWS/notificationResult
1764ms,InboundService,inboundNoHeaderWS/notificationResult
422ms,InboundService,inboundWS/notificationResult
1131ms,InboundService,inboundNoHeaderWS/notificationResult
82ms,InboundService,inboundWS/notificationResult
8626ms,InboundService,inboundWS/notificationResult
159ms,InboundService,inboundWS/notificationResult
6720ms,InboundService,inboundNoHeaderWS/notificationResult
12878ms,InboundService,inboundNoHeaderWS/notificationResult
356ms,InboundService,inboundWS/notificationResult
2986ms,InboundService,inboundWS/notificationResult
7070ms,InboundService,inboundNoHeaderWS/notificationResult
419ms,InboundService,inboundWS/notificationResult
14050ms,InboundService,inboundNoHeaderWS/notificationResult
339ms,InboundService,inboundWS/notificationResult
129ms,InboundService,inboundNoHeaderWS/notificationResult
1532ms,InboundService,inboundNoHeaderWS/notificationResult
1523ms,InboundService,inboundNoHeaderWS/notificationResult
289ms,InboundService,inboundWS/notificationResult
292ms,InboundService,inboundWS/notificationResult
4126ms,InboundService,inboundWS/notificationResult
419ms,InboundService,inboundWS/notificationResult
748ms,InboundService,inboundNoHeaderWS/notificationResult
268ms,InboundService,inboundWS/notificationResult
1235ms,InboundService,inboundNoHeaderWS/notificationResult
1412ms,InboundService,inboundNoHeaderWS/notificationResult
6509ms,InboundService,inboundNoHeaderWS/notificationResult
1278ms,InboundService,inboundNoHeaderWS/notificationResult
342ms,InboundService,inboundWS/notificationResult
330ms,InboundService,inboundWS/notificationResult
237ms,InboundService,inboundWS/notificationResult
7146ms,InboundService,inboundNoHeaderWS/notificationResult
6866ms,InboundService,inboundNoHeaderWS/notificationResult
3658ms,InboundService,inboundWS/notificationResult
4698ms,InboundService,inboundNoHeaderWS/notificationResult
1491ms,InboundService,inboundNoHeaderWS/notificationResult
3418ms,InboundService,inboundWS/notificationResult
843ms,InboundService,inboundNoHeaderWS/notificationResult
819ms,InboundService,inboundNoHeaderWS/notificationResult
553ms,InboundService,inboundNoHeaderWS/notificationResult
1753ms,InboundService,inboundWS/notificationResult
3533ms,InboundService,inboundNoHeaderWS/notificationResult
3436ms,InboundService,inboundNoHeaderWS/notificationResult
367ms,InboundService,inboundWS/notificationResult
3841ms,InboundService,inboundWS/notificationResult
203ms,InboundService,inboundWS/notificationResult
18126ms,InboundService,inboundNoHeaderWS/notificationResult
994ms,InboundService,inboundNoHeaderWS/notificationResult
4012ms,InboundService,inboundNoHeaderWS/notificationResult
306ms,InboundService,inboundWS/notificationResult
4205ms,InboundService,inboundNoHeaderWS/notificationResult
4401ms,InboundService,inboundNoHeaderWS/notificationResult
4195ms,InboundService,inboundNoHeaderWS/notificationResult
784ms,InboundService,inboundNoHeaderWS/notificationResult
3665ms,InboundService,inboundWS/notificationResult
20128ms,InboundService,inboundNoHeaderWS/notificationResult
2494ms,InboundService,inboundWS/notificationResult
3940ms,InboundService,inboundNoHeaderWS/notificationResult
3869ms,InboundService,inboundNoHeaderWS/notificationResult
518ms,InboundService,inboundNoHeaderWS/notificationResult
2218ms,InboundService,inboundWS/notificationResult
441ms,InboundService,inboundNoHeaderWS/notificationResult
33545ms,InboundService,inboundNoHeaderWS/notificationResult
456ms,InboundService,inboundNoHeaderWS/notificationResult
439ms,InboundService,inboundNoHeaderWS/notificationResult
432ms,InboundService,inboundNoHeaderWS/notificationResult
18122ms,InboundService,inboundNoHeaderWS/notificationResult
210ms,InboundService,inboundWS/notificationResult
