3170 ms,https://172.30.138.49/FLS2HomeLoan/services/HomeLoanService/HomeLoanWS/doNext/approve-020/verify-summary
2170 ms,https://172.30.138.49/FLS2HomeLoan/services/HomeLoanService/HomeLoanWS/doSubmit/prepare-020/loan-info
2125 ms,https://172.30.138.49/FLS2HomeLoan/services/HomeLoanService/HomeLoanWS/doSubmit/prepare-020/loan-info
1642 ms,http://172.30.138.49:8180/FLS2HomeLoan/services/HomeLoanService/HomeLoanWS/doSubmit/system-011
2833 ms,https://172.30.138.49/FLS2HomeLoan/services/HomeLoanService/HomeLoanWS/doNext/prepare-010/cust-info
2860 ms,https://172.30.138.49/FLS2HomeLoan/services/HomeLoanService/HomeLoanWS/doSubmit/prepare-010/basic-repayment-ability
1435 ms,https://172.30.138.49/FLS2HomeLoan/services/HomeLoanService/HomeLoanWS/doSubmit/prepare-020/loan-info
1013 ms,https://172.30.138.49/FLS2HomeLoan/services/HomeLoanService/HomeLoanWS/doPreload/prepare-021/summary-package
3683 ms,http://172.30.138.49:8180/FLS2HomeLoan/services/HomeLoanService/HomeLoanWS/doSubmit/system-011
2690 ms,https://172.30.138.49/FLS2HomeLoan/services/HomeLoanService/HomeLoanWS/doSave/approve-020/verify-document
1196 ms,https://172.30.138.49/FLS2HomeLoan/services/HomeLoanService/HomeLoanWS/doPreload/approve-020/approve-summary
1162 ms,https://172.30.138.49/FLS2HomeLoan/services/HomeLoanService/HomeLoanWS/doSubmit/approve-020/approve-summary
1136 ms,https://172.30.138.49/FLS2HomeLoan/services/HomeLoanService/HomeLoanWS/doSave/approve-010/verify-document
1451 ms,https://172.30.138.49/FLS2HomeLoan/services/HomeLoanService/HomeLoanWS/doNext/approve-010/verify-document
2258 ms,https://172.30.138.49/FLS2HomeLoan/services/HomeLoanService/HomeLoanWS/doSubmit/prepare-020/loan-info
5643 ms,https://172.30.138.49/FLS2HomeLoan/services/HomeLoanService/HomeLoanWS/doNext/approve-020/verify-customer
2648 ms,https://172.30.138.49/FLS2HomeLoan/services/HomeLoanService/HomeLoanWS/doPreload/prepare-021/summary-package
6355 ms,https://172.30.138.49/FLS2HomeLoan/services/HomeLoanService/HomeLoanWS/doNext/approve-020/verify-hr
1030 ms,https://172.30.138.49/FLS2HomeLoan/services/HomeLoanService/HomeLoanWS/doPreload/prepare-022/summary-package
5978 ms,https://172.30.138.49/FLS2HomeLoan/services/HomeLoanService/HomeLoanWS/doNext/approve-020/verify-website
1049 ms,https://172.30.138.49/FLS2HomeLoan/services/HomeLoanService/HomeLoanWS/doPreload/prepare-030/summary-result
5703 ms,https://172.30.138.49/FLS2HomeLoan/services/HomeLoanService/HomeLoanWS/doNext/approve-020/verify-summary
5865 ms,https://172.30.138.49/FLS2HomeLoan/services/HomeLoanService/HomeLoanWS/doNext/approve-020/verify-summary
1088 ms,https://172.30.138.49/FLS2HomeLoan/services/HomeLoanService/HomeLoanWS/doPreload/approve-020/partial-installment
2834 ms,https://172.30.138.49/FLS2HomeLoan/services/HomeLoanService/HomeLoanWS/doNext/prepare-010/cust-info
1028 ms,https://172.30.138.49/FLS2HomeLoan/services/HomeLoanService/HomeLoanWS/doPreload/approve-020/approve-summary
1722 ms,https://172.30.138.49/FLS2HomeLoan/services/HomeLoanService/HomeLoanWS/doPreload/approve-020/approve-decision
3821 ms,https://172.30.138.49/FLS2HomeLoan/services/HomeLoanService/HomeLoanWS/doSave/approve-020/verify-document
3158 ms,https://172.30.138.49/FLS2HomeLoan/services/HomeLoanService/HomeLoanWS/doSubmit/prepare-010/basic-repayment-ability
1425 ms,https://172.30.138.49/FLS2HomeLoan/services/HomeLoanService/HomeLoanWS/doSubmit/approve-020/application-detail
1114 ms,https://172.30.138.49/FLS2HomeLoan/services/HomeLoanService/HomeLoanWS/doPreload/approve-030/partial-installment
1715 ms,https://172.30.138.49/FLS2HomeLoan/services/HomeLoanService/HomeLoanWS/doPreload/approve-030/approve-decision
8702 ms,https://172.30.138.49/FLS2HomeLoan/services/HomeLoanService/HomeLoanWS/doSave/approve-020/verify-customer
2337 ms,https://172.30.138.49/FLS2HomeLoan/services/HomeLoanService/HomeLoanWS/doNext/approve-020/verify-document
8648 ms,https://172.30.138.49/FLS2HomeLoan/services/HomeLoanService/HomeLoanWS/doNext/approve-020/verify-customer
1745 ms,https://172.30.138.49/FLS2HomeLoan/services/HomeLoanService/HomeLoanWS/doPreload/approve-030/partial-installment
9015 ms,https://172.30.138.49/FLS2HomeLoan/services/HomeLoanService/HomeLoanWS/doNext/approve-020/verify-hr
4883 ms,https://172.30.138.49/FLS2HomeLoan/services/HomeLoanService/HomeLoanWS/doPreload/approve-030/approve-decision
2331 ms,https://172.30.138.49/FLS2HomeLoan/services/HomeLoanService/HomeLoanWS/doNext/approve-030/verify-document
3017 ms,https://172.30.138.49/FLS2HomeLoan/services/HomeLoanService/HomeLoanWS/doNext/approve-030/verify-customer
2953 ms,https://172.30.138.49/FLS2HomeLoan/services/HomeLoanService/HomeLoanWS/doNext/approve-030/verify-hr
2964 ms,https://172.30.138.49/FLS2HomeLoan/services/HomeLoanService/HomeLoanWS/doSave/approve-030/verify-website
2890 ms,https://172.30.138.49/FLS2HomeLoan/services/HomeLoanService/HomeLoanWS/doNext/approve-030/verify-hr
3287 ms,https://172.30.138.49/FLS2HomeLoan/services/HomeLoanService/HomeLoanWS/doNext/approve-030/verify-website
8689 ms,https://172.30.138.49/FLS2HomeLoan/services/HomeLoanService/HomeLoanWS/doNext/approve-020/verify-website
3717 ms,https://172.30.138.49/FLS2HomeLoan/services/HomeLoanService/HomeLoanWS/doNext/approve-030/verify-summary
4133 ms,https://172.30.138.49/FLS2HomeLoan/services/HomeLoanService/HomeLoanWS/doSubmit/prepare-020/loan-info
1196 ms,https://172.30.138.49/FLS2HomeLoan/services/HomeLoanService/HomeLoanWS/doNext/prepare-021/package
1104 ms,https://172.30.138.49/FLS2HomeLoan/services/HomeLoanService/HomeLoanWS/doPreload/approve-030/approve-summary
2173 ms,https://172.30.138.49/FLS2HomeLoan/services/HomeLoanService/HomeLoanWS/doPreload/prepare-021/summary-package
1217 ms,https://172.30.138.49/FLS2HomeLoan/services/HomeLoanService/HomeLoanWS/doPreload/approve-055/approve-decision
1015 ms,https://172.30.138.49/FLS2HomeLoan/services/HomeLoanService/HomeLoanWS/doPreload/prepare-030/summary-result
1179 ms,https://172.30.138.49/FLS2HomeLoan/services/HomeLoanService/HomeLoanWS/doPreload/approve-055/collateral-acting
8876 ms,https://172.30.138.49/FLS2HomeLoan/services/HomeLoanService/HomeLoanWS/doNext/approve-020/verify-summary
2409 ms,https://172.30.138.49/FLS2HomeLoan/services/HomeLoanService/HomeLoanWS/doSubmit/prepare-020/loan-info
1255 ms,https://172.30.138.49/FLS2HomeLoan/services/HomeLoanService/HomeLoanWS/doNext/prepare-021/package
1670 ms,https://172.30.138.49/FLS2HomeLoan/services/HomeLoanService/HomeLoanWS/doPreload/approve-030/approve-decision
1965 ms,https://172.30.138.49/FLS2HomeLoan/services/HomeLoanService/HomeLoanWS/doPreload/prepare-030/summary-result
7624 ms,https://172.30.138.49/FLS2HomeLoan/services/HomeLoanService/HomeLoanWS/doNext/approve-030/verify-document
8730 ms,https://172.30.138.49/FLS2HomeLoan/services/HomeLoanService/HomeLoanWS/doNext/approve-030/verify-customer
8654 ms,https://172.30.138.49/FLS2HomeLoan/services/HomeLoanService/HomeLoanWS/doNext/approve-030/verify-hr
8625 ms,https://172.30.138.49/FLS2HomeLoan/services/HomeLoanService/HomeLoanWS/doNext/approve-030/verify-website
9547 ms,https://172.30.138.49/FLS2HomeLoan/services/HomeLoanService/HomeLoanWS/doNext/approve-030/verify-summary
2071 ms,https://172.30.138.49/FLS2HomeLoan/services/HomeLoanService/HomeLoanWS/doPreload/approve-030/approve-decision
2098 ms,https://172.30.138.49/FLS2HomeLoan/services/HomeLoanService/HomeLoanWS/doPreload/approve-020/approve-decision
2359 ms,https://172.30.138.49/FLS2HomeLoan/services/HomeLoanService/HomeLoanWS/doSubmit/prepare-020/loan-info
1283 ms,https://172.30.138.49/FLS2HomeLoan/services/HomeLoanService/HomeLoanWS/doNext/prepare-021/package
2374 ms,https://172.30.138.49/FLS2HomeLoan/services/HomeLoanService/HomeLoanWS/doPreload/prepare-021/summary-package
1015 ms,https://172.30.138.49/FLS2HomeLoan/services/HomeLoanService/HomeLoanWS/doPreload/prepare-030/summary-result
2356 ms,https://172.30.138.49/FLS2HomeLoan/services/HomeLoanService/HomeLoanWS/doSubmit/prepare-020/loan-info
1344 ms,https://172.30.138.49/FLS2HomeLoan/services/HomeLoanService/HomeLoanWS/doNext/prepare-021/package
2333 ms,https://172.30.138.49/FLS2HomeLoan/services/HomeLoanService/HomeLoanWS/doPreload/prepare-021/summary-package
1047 ms,https://172.30.138.49/FLS2HomeLoan/services/HomeLoanService/HomeLoanWS/doPreload/prepare-030/summary-result
3143 ms,https://172.30.138.49/FLS2HomeLoan/services/HomeLoanService/HomeLoanWS/doNext/prepare-010/cust-info
2856 ms,https://172.30.138.49/FLS2HomeLoan/services/HomeLoanService/HomeLoanWS/doSubmit/prepare-010/basic-repayment-ability
1009 ms,https://172.30.138.49/FLS2HomeLoan/services/HomeLoanService/HomeLoanWS/doPreload/prepare-030/summary-result
2145 ms,https://172.30.138.49/FLS2HomeLoan/services/HomeLoanService/HomeLoanWS/doSubmit/prepare-020/loan-info
2763 ms,https://172.30.138.49/FLS2HomeLoan/services/HomeLoanService/HomeLoanWS/doNext/prepare-010/cust-info
3582 ms,http://172.30.138.49:8180/FLS2HomeLoan/services/HomeLoanService/HomeLoanWS/doSubmit/system-011
2812 ms,https://172.30.138.49/FLS2HomeLoan/services/HomeLoanService/HomeLoanWS/doSubmit/prepare-010/basic-repayment-ability
1994 ms,https://172.30.138.49/FLS2HomeLoan/services/HomeLoanService/HomeLoanWS/doSubmit/prepare-020/loan-info
1732 ms,https://172.30.138.49/FLS2HomeLoan/services/HomeLoanService/HomeLoanWS/doPreload/prepare-021/summary-package
1722 ms,https://172.30.138.49/FLS2HomeLoan/services/HomeLoanService/HomeLoanWS/doPreload/prepare-021/summary-package
1645 ms,https://172.30.138.49/FLS2HomeLoan/services/HomeLoanService/HomeLoanWS/doPreload/prepare-021/summary-package
1713 ms,https://172.30.138.49/FLS2HomeLoan/services/HomeLoanService/HomeLoanWS/doPreload/prepare-021/summary-package
1695 ms,https://172.30.138.49/FLS2HomeLoan/services/HomeLoanService/HomeLoanWS/doPreload/prepare-021/summary-package
1016 ms,https://172.30.138.49/FLS2HomeLoan/services/HomeLoanService/HomeLoanWS/doPreload/prepare-030/summary-result
1190 ms,https://172.30.138.49/FLS2HomeLoan/services/HomeLoanService/HomeLoanWS/doPreload/system-015/approve-result-front
2386 ms,http://172.30.138.49:8180/FLS2HomeLoan/services/HomeLoanService/HomeLoanWS/doSubmit/system-011
2835 ms,https://172.30.138.49/FLS2HomeLoan/services/HomeLoanService/HomeLoanWS/doNext/approve-020/verify-customer
5150 ms,https://172.30.138.49/FLS2HomeLoan/services/HomeLoanService/HomeLoanWS/doNext/approve-030/verify-document
5746 ms,https://172.30.138.49/FLS2HomeLoan/services/HomeLoanService/HomeLoanWS/doNext/approve-030/verify-customer
5888 ms,https://172.30.138.49/FLS2HomeLoan/services/HomeLoanService/HomeLoanWS/doNext/approve-030/verify-hr
5963 ms,https://172.30.138.49/FLS2HomeLoan/services/HomeLoanService/HomeLoanWS/doNext/approve-030/verify-website
6299 ms,https://172.30.138.49/FLS2HomeLoan/services/HomeLoanService/HomeLoanWS/doNext/approve-030/verify-summary
1146 ms,https://172.30.138.49/FLS2HomeLoan/services/HomeLoanService/HomeLoanWS/doPreload/system-015/approve-result-front
1872 ms,https://172.30.138.49/FLS2HomeLoan/services/HomeLoanService/HomeLoanWS/doPreload/approve-030/approve-decision
2070 ms,https://172.30.138.49/FLS2HomeLoan/services/HomeLoanService/HomeLoanWS/doSubmit/prepare-020/loan-info
2216 ms,https://172.30.138.49/FLS2HomeLoan/services/HomeLoanService/HomeLoanWS/doPreload/approve-030/approve-decision
1757 ms,https://172.30.138.49/FLS2HomeLoan/services/HomeLoanService/HomeLoanWS/doPreload/approve-030/approve-decision
2841 ms,https://172.30.138.49/FLS2HomeLoan/services/HomeLoanService/HomeLoanWS/doNext/approve-020/verify-hr
2830 ms,https://172.30.138.49/FLS2HomeLoan/services/HomeLoanService/HomeLoanWS/doNext/approve-020/verify-website
2856 ms,https://172.30.138.49/FLS2HomeLoan/services/HomeLoanService/HomeLoanWS/doSave/approve-020/verify-summary
3037 ms,https://172.30.138.49/FLS2HomeLoan/services/HomeLoanService/HomeLoanWS/doNext/approve-020/verify-customer
2835 ms,https://172.30.138.49/FLS2HomeLoan/services/HomeLoanService/HomeLoanWS/doNext/approve-020/verify-hr
2871 ms,https://172.30.138.49/FLS2HomeLoan/services/HomeLoanService/HomeLoanWS/doNext/approve-020/verify-website
2898 ms,https://172.30.138.49/FLS2HomeLoan/services/HomeLoanService/HomeLoanWS/doSave/approve-020/verify-summary
4925 ms,https://172.30.138.49/FLS2HomeLoan/services/HomeLoanService/HomeLoanWS/doPreload/approve-020/policy-check
5349 ms,https://172.30.138.49/FLS2HomeLoan/services/HomeLoanService/HomeLoanWS/doNext/approve-060/verify-document
5818 ms,https://172.30.138.49/FLS2HomeLoan/services/HomeLoanService/HomeLoanWS/doNext/approve-060/verify-customer
5864 ms,https://172.30.138.49/FLS2HomeLoan/services/HomeLoanService/HomeLoanWS/doNext/approve-020/verify-summary
8694 ms,https://172.30.138.49/FLS2HomeLoan/services/HomeLoanService/HomeLoanWS/doNext/approve-060/verify-hr
5749 ms,https://172.30.138.49/FLS2HomeLoan/services/HomeLoanService/HomeLoanWS/doNext/approve-060/verify-website
5784 ms,https://172.30.138.49/FLS2HomeLoan/services/HomeLoanService/HomeLoanWS/doNext/approve-060/verify-summary
1779 ms,https://172.30.138.49/FLS2HomeLoan/services/HomeLoanService/HomeLoanWS/doPreload/approve-060/approve-decision
10468 ms,https://172.30.138.49/FLS2HomeLoan/services/HomeLoanService/HomeLoanWS/doSubmit/approve-060/approve-summary
2609 ms,https://172.30.138.49/FLS2HomeLoan/services/HomeLoanService/HomeLoanWS/doSubmit/approve-060/approve-summary
3345 ms,https://172.30.138.49/FLS2HomeLoan/services/HomeLoanService/HomeLoanWS/doNext/prepare-010/cust-info
3736 ms,https://172.30.138.49/FLS2HomeLoan/services/HomeLoanService/HomeLoanWS/doSubmit/approve-060/approve-summary
2929 ms,https://172.30.138.49/FLS2HomeLoan/services/HomeLoanService/HomeLoanWS/doSubmit/prepare-010/basic-repayment-ability
2118 ms,http://172.30.138.49:8180/FLS2HomeLoan/services/HomeLoanService/HomeLoanWS/doSubmit/system-011
3712 ms,https://172.30.138.49/FLS2HomeLoan/services/HomeLoanService/HomeLoanWS/doNext/approve-030/verify-document
5975 ms,https://172.30.138.49/FLS2HomeLoan/services/HomeLoanService/HomeLoanWS/doNext/approve-030/verify-customer
5874 ms,https://172.30.138.49/FLS2HomeLoan/services/HomeLoanService/HomeLoanWS/doNext/approve-030/verify-hr
1582 ms,https://172.30.138.49/FLS2HomeLoan/services/HomeLoanService/HomeLoanWS/doPreload/prepare-012/summary-result
5998 ms,https://172.30.138.49/FLS2HomeLoan/services/HomeLoanService/HomeLoanWS/doNext/approve-030/verify-website
5989 ms,https://172.30.138.49/FLS2HomeLoan/services/HomeLoanService/HomeLoanWS/doNext/approve-030/verify-summary
1313 ms,https://172.30.138.49/FLS2HomeLoan/services/HomeLoanService/HomeLoanWS/doPreload/approve-030/collateral-acting
1333 ms,https://172.30.138.49/FLS2HomeLoan/services/HomeLoanService/HomeLoanWS/doPreload/approve-030/debt-exposure
1560 ms,https://172.30.138.49/FLS2HomeLoan/services/HomeLoanService/HomeLoanWS/doPreload/approve-030/partial-installment
2353 ms,https://172.30.138.49/FLS2HomeLoan/services/HomeLoanService/HomeLoanWS/doPreload/approve-030/approve-decision
2024 ms,https://172.30.138.49/FLS2HomeLoan/services/HomeLoanService/HomeLoanWS/doSubmit/prepare-020/loan-info
1701 ms,https://172.30.138.49/FLS2HomeLoan/services/HomeLoanService/HomeLoanWS/doPreload/prepare-021/summary-package
1129 ms,https://172.30.138.49/FLS2HomeLoan/services/HomeLoanService/HomeLoanWS/doPreload/prepare-021/summary-package
1701 ms,https://172.30.138.49/FLS2HomeLoan/services/HomeLoanService/HomeLoanWS/doPreload/prepare-021/summary-package
1694 ms,https://172.30.138.49/FLS2HomeLoan/services/HomeLoanService/HomeLoanWS/doPreload/prepare-021/summary-package
1665 ms,https://172.30.138.49/FLS2HomeLoan/services/HomeLoanService/HomeLoanWS/doPreload/prepare-021/summary-package
1644 ms,https://172.30.138.49/FLS2HomeLoan/services/HomeLoanService/HomeLoanWS/doPreload/prepare-021/summary-package
1684 ms,https://172.30.138.49/FLS2HomeLoan/services/HomeLoanService/HomeLoanWS/doPreload/prepare-021/summary-package
1775 ms,https://172.30.138.49/FLS2HomeLoan/services/HomeLoanService/HomeLoanWS/doPreload/prepare-021/summary-package
1345 ms,https://172.30.138.49/FLS2HomeLoan/services/HomeLoanService/HomeLoanWS/doPreload/prepare-030/summary-result
2829 ms,https://172.30.138.49/FLS2HomeLoan/services/HomeLoanService/HomeLoanWS/doSubmit/prepare-020/loan-info
1598 ms,https://172.30.138.49/FLS2HomeLoan/services/HomeLoanService/HomeLoanWS/doNext/prepare-021/package
1619 ms,https://172.30.138.49/FLS2HomeLoan/services/HomeLoanService/HomeLoanWS/doPreload/prepare-021/summary-package
1805 ms,https://172.30.138.49/FLS2HomeLoan/services/HomeLoanService/HomeLoanWS/doPreload/prepare-021/summary-package
1669 ms,https://172.30.138.49/FLS2HomeLoan/services/HomeLoanService/HomeLoanWS/doPreload/prepare-021/summary-package
1595 ms,https://172.30.138.49/FLS2HomeLoan/services/HomeLoanService/HomeLoanWS/doPreload/prepare-021/summary-package
1768 ms,https://172.30.138.49/FLS2HomeLoan/services/HomeLoanService/HomeLoanWS/doPreload/prepare-021/summary-package
1863 ms,https://172.30.138.49/FLS2HomeLoan/services/HomeLoanService/HomeLoanWS/doPreload/prepare-021/summary-package
1646 ms,https://172.30.138.49/FLS2HomeLoan/services/HomeLoanService/HomeLoanWS/doPreload/prepare-021/summary-package
1796 ms,https://172.30.138.49/FLS2HomeLoan/services/HomeLoanService/HomeLoanWS/doPreload/prepare-021/summary-package
1817 ms,https://172.30.138.49/FLS2HomeLoan/services/HomeLoanService/HomeLoanWS/doPreload/approve-060/collateral-acting
2718 ms,https://172.30.138.49/FLS2HomeLoan/services/HomeLoanService/HomeLoanWS/doPreload/prepare-021/summary-package
2365 ms,https://172.30.138.49/FLS2HomeLoan/services/HomeLoanService/HomeLoanWS/doPreload/prepare-021/summary-package
3437 ms,https://172.30.138.49/FLS2HomeLoan/services/HomeLoanService/HomeLoanWS/doPreload/prepare-021/summary-package
2816 ms,https://172.30.138.49/FLS2HomeLoan/services/HomeLoanService/HomeLoanWS/doPreload/prepare-021/summary-package
3000 ms,https://172.30.138.49/FLS2HomeLoan/services/HomeLoanService/HomeLoanWS/doPreload/prepare-021/summary-package
1229 ms,https://172.30.138.49/FLS2HomeLoan/services/HomeLoanService/HomeLoanWS/doPreload/approve-060/debt-exposure
1193 ms,https://172.30.138.49/FLS2HomeLoan/services/HomeLoanService/HomeLoanWS/doPreload/prepare-030/summary-result
1489 ms,https://172.30.138.49/FLS2HomeLoan/services/HomeLoanService/HomeLoanWS/doPreload/prepare-010/cust-info
3455 ms,https://172.30.138.49/FLS2HomeLoan/services/HomeLoanService/HomeLoanWS/doSave/prepare-010/cust-info
4229 ms,https://172.30.138.49/FLS2HomeLoan/services/HomeLoanService/HomeLoanWS/doPreload/approve-030/policy-check
1801 ms,https://172.30.138.49/FLS2HomeLoan/services/HomeLoanService/HomeLoanWS/doPreload/approve-055/cust-info
2351 ms,https://172.30.138.49/FLS2HomeLoan/services/HomeLoanService/HomeLoanWS/doPreload/approve-055/approve-summary
1808 ms,https://172.30.138.49/FLS2HomeLoan/services/HomeLoanService/HomeLoanWS/doPreload/prepare-030/summary-result
2852 ms,http://172.30.138.49:8180/FLS2HomeLoan/services/HomeLoanService/HomeLoanWS/doPreload/approve-060/partial-installment
1157 ms,http://172.30.138.49:8180/FLS2HomeLoan/services/HomeLoanService/HomeLoanWS/doPreload/approve-060/approve-summary
1001 ms,http://172.30.138.49:8180/FLS2HomeLoan/services/HomeLoanService/HomeLoanWS/doPreload/approve-060/policy-check
3177 ms,http://172.30.138.49:8180/FLS2HomeLoan/services/HomeLoanService/HomeLoanWS/doSubmit/approve-060/policy-check
1687 ms,http://172.30.138.49:8180/FLS2HomeLoan/services/HomeLoanService/HomeLoanWS/doPreload/approve-060/policy-check
